rundir,bioboost,biospherism1,biospherism2,boostceil,credit,egoism1,egoism2,frame1,frame2,habitadjust,hedonism1,hedonism2,maxlinks,newsubcatapp,newsubcatstep,planning1,planning2,visits,split,rep,prep,biospheric.boost.ceiling,biospheric.boost.factor,credit.multiple.limit,habit.adjustment.factor,max.links,visits.per.step,appliance.elect.error,appliance.gas.error,space.heating.elect.error,space.heating.gas.error,space.heating.oil.error,water.heating.elect.error,water.heating.gas.error,water.heating.oil.error,appliance.elect.p.error,appliance.gas.p.error,space.heating.elect.p.error,space.heating.gas.p.error,space.heating.oil.p.error,water.heating.elect.p.error,water.heating.gas.p.error,water.heating.oil.p.error,appliance.elect.abs.error,appliance.gas.abs.error,space.heating.elect.abs.error,space.heating.gas.abs.error,space.heating.oil.abs.error,water.heating.elect.abs.error,water.heating.gas.abs.error,water.heating.oil.abs.error,calibration.error,abs.space.error,rel.space.error,abs.appliances.error,rel.appliances.error,abs.total.error,rel.total.error,abs.appliances.ratio.error,rel.appliances.ratio.error
fgridln09-0641,3.47183170336397,0.631689494333358,0.997767003883639,1619,2.75204661920039,4.70709647510368,4.87046274125451,0.675264254951877,0.738966096843224,0.867889269779653,0.44617926477164,1.33381619087241,7,5,3,9,13,3,0,6,1,1619,3.47183170336397,2.75204661920039,0.867889269779653,7,3,37920,53591,10981.882,1472250.254,0,5461,567203,0,0.191972783605362,1.97083701088555,0.167736585663882,0.879787891228416,NA,0.189756419611522,1.41867427691015,NA,37920,53591,10981.882,1472250.254,0,5461,567203,0,2147407.136,1483232.136,1.8529783643091,91511,1.40722232111072,2147407.136,1.89767152788838,0.0242782723879069,0.741552107638244
fgridln09-0641,3.47183170336397,0.631689494333358,0.997767003883639,1619,2.75204661920039,4.70709647510368,4.87046274125451,0.675264254951877,0.738966096843224,0.867889269779653,0.44617926477164,1.33381619087241,7,5,3,9,13,3,0,6,2,1619,3.47183170336397,2.75204661920039,0.867889269779653,7,3,44172,55311,14694.566,1527104.602,0,5461,560447,0,0.223623992547892,2.03409090909091,0.224443891188465,0.912567774281932,NA,0.189756419611522,1.40177633487739,NA,44172,55311,14694.566,1527104.602,0,5461,560447,0,2207190.168,1541799.168,1.88665914154234,99483,1.44269757920968,2207190.168,1.92266237605013,0.0234504478980157,0.75036449310124
fgridln09-0641,3.47183170336397,0.631689494333358,0.997767003883639,1619,2.75204661920039,4.70709647510368,4.87046274125451,0.675264254951877,0.738966096843224,0.867889269779653,0.44617926477164,1.33381619087241,7,5,3,9,13,3,0,6,3,1619,3.47183170336397,2.75204661920039,0.867889269779653,7,3,36601,53657,14694.566,1483674.67,0,5461,565742,0,0.185295249281115,1.97326419535157,0.224443891188465,0.886614898276877,NA,0.189756419611522,1.41502005942793,NA,36601,53657,14694.566,1483674.67,0,5461,565742,0,2159830.236,1498369.236,1.86168342030472,90258,1.40164649341403,2159830.236,1.90286470386845,0.0247436472617183,0.736598083176661
fgridln09-0641,3.47183170336397,0.631689494333358,0.997767003883639,1619,2.75204661920039,4.70709647510368,4.87046274125451,0.675264254951877,0.738966096843224,0.867889269779653,0.44617926477164,1.33381619087241,7,5,3,9,13,3,0,6,4,1619,3.47183170336397,2.75204661920039,0.867889269779653,7,3,37504,57280,14694.566,1405460.071,0,5461,544748,0,0.189866753067919,2.10650191232715,0.224443891188465,0.8398753871574,NA,0.189756419611522,1.36251037987854,NA,37504,57280,14694.566,1405460.071,0,5461,544748,0,2065147.637,1420154.637,1.81670370398059,94784,1.42178711285155,2065147.637,1.86328493723552,0.0222584070058225,0.763054047418532
fgridln09-0641,3.47183170336397,0.631689494333358,0.997767003883639,1619,2.75204661920039,4.70709647510368,4.87046274125451,0.675264254951877,0.738966096843224,0.867889269779653,0.44617926477164,1.33381619087241,7,5,3,9,13,3,0,6,5,1619,3.47183170336397,2.75204661920039,0.867889269779653,7,3,46391,62968,13141.9,1451537.112,0,5461,547965,0,0.234857842938723,2.31568108267137,0.20072856684639,0.867410123609505,NA,0.189756419611522,1.37055666163097,NA,46391,62968,13141.9,1451537.112,0,5461,547965,0,2127464.012,1464679.012,1.84230881840443,109359,1.48664560341759,2127464.012,1.88933478806302,0.0200219249481896,0.786861922413295
fgridln09-0641,3.47183170336397,0.631689494333358,0.997767003883639,1619,2.75204661920039,4.70709647510368,4.87046274125451,0.675264254951877,0.738966096843224,0.867889269779653,0.44617926477164,1.33381619087241,7,5,3,9,13,3,0,6,6,1619,3.47183170336397,2.75204661920039,0.867889269779653,7,3,47966,47294,10462.694,1465138.657,0,5461,546248,0,0.242831396055243,1.73926154751397,0.159806540300285,0.875538140270046,NA,0.189756419611522,1.36626214320731,NA,47966,47294,10462.694,1465138.657,0,5461,546248,0,2122570.351,1475601.351,1.84859004615599,95260,1.42390530437878,2122570.351,1.88728911164089,0.0230646678050589,0.75447121248995
fgridln09-0641,3.47183170336397,0.631689494333358,0.997767003883639,1619,2.75204661920039,4.70709647510368,4.87046274125451,0.675264254951877,0.738966096843224,0.867889269779653,0.44617926477164,1.33381619087241,7,5,3,9,13,3,0,6,7,1619,3.47183170336397,2.75204661920039,0.867889269779653,7,3,43270,47578,14694.566,1375691.984,0,5461,546685,0,0.219057551334494,1.7497057958223,0.224443891188465,0.822086561910823,NA,0.189756419611522,1.36735515692375,NA,43270,47578,14694.566,1375691.984,0,5461,546685,0,2033380.55,1390386.55,1.79958464787226,90848,1.40427198291207,2033380.55,1.85000547613763,0.0226332562170665,0.759063689824236
fgridln09-0641,3.47183170336397,0.631689494333358,0.997767003883639,1619,2.75204661920039,4.70709647510368,4.87046274125451,0.675264254951877,0.738966096843224,0.867889269779653,0.44617926477164,1.33381619087241,7,5,3,9,13,3,0,6,8,1619,3.47183170336397,2.75204661920039,0.867889269779653,7,3,44694,57691,10462.694,1512501.753,0,5461,569140,0,0.22626665586651,2.12161665195646,0.159806540300285,0.903841397979581,NA,0.189756419611522,1.42351905395536,NA,44694,57691,10462.694,1512501.753,0,5461,569140,0,2199950.447,1522964.447,1.87582765460185,102385,1.45561142755429,2199950.447,1.91963598608309,0.0227073716591381,0.758274713595251
fgridln09-0641,3.47183170336397,0.631689494333358,0.997767003883639,1619,2.75204661920039,4.70709647510368,4.87046274125451,0.675264254951877,0.738966096843224,0.867889269779653,0.44617926477164,1.33381619087241,7,5,3,9,13,3,0,7,1,1619,3.47183170336397,2.75204661920039,0.867889269779653,7,3,38172,51343,12079.034,1512906.639,0,5461,574247,0,0.193248552104006,1.88816563695204,0.184494417375632,0.90408334991619,NA,0.189756419611522,1.43629255750203,NA,38172,51343,12079.034,1512906.639,0,5461,574247,0,2194208.673,1524985.673,1.87699002292272,89515,1.39834015663937,2194208.673,1.91723577656857,0.0254243152534337,0.729352213081531
fgridln09-0641,3.47183170336397,0.631689494333358,0.997767003883639,1619,2.75204661920039,4.70709647510368,4.87046274125451,0.675264254951877,0.738966096843224,0.867889269779653,0.44617926477164,1.33381619087241,7,5,3,9,13,3,0,7,2,1619,3.47183170336397,2.75204661920039,0.867889269779653,7,3,44692,53337,12079.034,1459835.006,0,5461,556573,0,0.226256530719695,1.9614960282436,0.184494417375632,0.872368782400062,NA,0.189756419611522,1.39208678078697,NA,44692,53337,12079.034,1459835.006,0,5461,556573,0,2131977.04,1471914.04,1.84646954429445,98029,1.43622730509078,2131977.04,1.89122135008112,0.0225999841929664,0.759417878308733
fgridln09-0641,3.47183170336397,0.631689494333358,0.997767003883639,1619,2.75204661920039,4.70709647510368,4.87046274125451,0.675264254951877,0.738966096843224,0.867889269779653,0.44617926477164,1.33381619087241,7,5,3,9,13,3,0,7,3,1619,3.47183170336397,2.75204661920039,0.867889269779653,7,3,37384,52089,12079.034,1466320.605,0,5461,551819,0,0.189259244259042,1.91560017652251,0.184494417375632,0.876244449225088,NA,0.189756419611522,1.38019619221034,NA,37384,52089,12079.034,1466320.605,0,5461,551819,0,2125152.639,1478399.639,1.85019928793492,89473,1.39815325738697,2125152.639,1.8883685745781,0.0243862430147374,0.740402735043051
fgridln09-0641,3.47183170336397,0.631689494333358,0.997767003883639,1619,2.75204661920039,4.70709647510368,4.87046274125451,0.675264254951877,0.738966096843224,0.867889269779653,0.44617926477164,1.33381619087241,7,5,3,9,13,3,0,7,4,1619,3.47183170336397,2.75204661920039,0.867889269779653,7,3,39521,49633,12079.034,1535080.523,0,5461,560908,0,0.200077963630473,1.82527949396881,0.184494417375632,0.917334028319335,NA,0.189756419611522,1.4029293768071,NA,39521,49633,12079.034,1535080.523,0,5461,560908,0,2202682.557,1547159.557,1.88974179848478,89154,1.39673371306515,2202682.557,1.92077807847765,0.0256292353988023,0.727170790168616
fgridln09-0641,3.47183170336397,0.631689494333358,0.997767003883639,1619,2.75204661920039,4.70709647510368,4.87046274125451,0.675264254951877,0.738966096843224,0.867889269779653,0.44617926477164,1.33381619087241,7,5,3,9,13,3,0,7,5,1619,3.47183170336397,2.75204661920039,0.867889269779653,7,3,44677,54139,12079.034,1502203.995,0,5461,558359,0,0.226180592118586,1.99098999705796,0.184494417375632,0.897687659666013,NA,0.189756419611522,1.39655388032375,NA,44677,54139,12079.034,1502203.995,0,5461,558359,0,2176919.029,1514283.029,1.87083513755358,98816,1.43972944108224,2176919.029,1.91000825977125,0.0231294314841298,0.753781787967066
fgridln09-0641,3.47183170336397,0.631689494333358,0.997767003883639,1619,2.75204661920039,4.70709647510368,4.87046274125451,0.675264254951877,0.738966096843224,0.867889269779653,0.44617926477164,1.33381619087241,7,5,3,9,13,3,0,7,6,1619,3.47183170336397,2.75204661920039,0.867889269779653,7,3,46266,43691,8469.20800000001,1467590.973,0,5461,565923,0,0.234225021262808,1.60675934098264,0.129358158574025,0.877003596238829,NA,0.189756419611522,1.41547277220294,NA,46266,43691,8469.20800000001,1467590.973,0,5461,565923,0,2137401.181,1476060.181,1.84885391049212,89957,1.40030704877181,2137401.181,1.89348878081529,0.0244674680614484,0.73953807540854
fgridln09-0641,3.47183170336397,0.631689494333358,0.997767003883639,1619,2.75204661920039,4.70709647510368,4.87046274125451,0.675264254951877,0.738966096843224,0.867889269779653,0.44617926477164,1.33381619087241,7,5,3,9,13,3,0,7,7,1619,3.47183170336397,2.75204661920039,0.867889269779653,7,3,38642,56742,8469.20800000001,1451871.777,0,5461,542151,0,0.195627961605443,2.08671668137688,0.129358158574025,0.867610112853058,NA,0.189756419611522,1.35601482696868,NA,38642,56742,8469.20800000001,1451871.777,0,5461,542151,0,2103336.985,1460340.985,1.83981410224707,95384,1.42445710217159,2103336.985,1.8792490689521,0.0227338623433664,0.757992714060991
fgridln09-0641,3.47183170336397,0.631689494333358,0.997767003883639,1619,2.75204661920039,4.70709647510368,4.87046274125451,0.675264254951877,0.738966096843224,0.867889269779653,0.44617926477164,1.33381619087241,7,5,3,9,13,3,0,7,8,1619,3.47183170336397,2.75204661920039,0.867889269779653,7,3,42957,48872,8469.208,1505738.766,0,5461,561234,0,0.217472965858005,1.79729332156517,0.129358158574025,0.8997999695234,NA,0.189756419611522,1.40374476003722,NA,42957,48872,8469.208,1505738.766,0,5461,561234,0,2172731.974,1514207.974,1.87079197486207,91829,1.40863741545034,2172731.974,1.90825796286844,0.0245950660032759,0.738179765451057
fgridln09-0641,3.47183170336397,0.631689494333358,0.997767003883639,1619,2.75204661920039,4.70709647510368,4.87046274125451,0.675264254951877,0.738966096843224,0.867889269779653,0.44617926477164,1.33381619087241,7,5,3,9,13,3,0,1,1,1619,3.47183170336397,2.75204661920039,0.867889269779653,7,3,41626,48456,13538.638,1401130.824,0,5461,556581,0,0.210734680652869,1.7819947043248,0.206788318492157,0.837288314016547,NA,0.189756419611522,1.39210679019139,NA,41626,48456,13538.638,1401130.824,0,5461,556581,0,2066793.462,1414669.462,1.81354928500201,90082,1.40086329654681,2066793.462,1.8639729345033,0.0233393631873578,0.751547015847687
fgridln09-0641,3.47183170336397,0.631689494333358,0.997767003883639,1619,2.75204661920039,4.70709647510368,4.87046274125451,0.675264254951877,0.738966096843224,0.867889269779653,0.44617926477164,1.33381619087241,7,5,3,9,13,3,0,1,2,1619,3.47183170336397,2.75204661920039,0.867889269779653,7,3,45877,50516,7935.326,1478806.072,0,5461,559540,0,0.232255680207363,1.85775228008238,0.12120367796429,0.883705519551336,NA,0.189756419611522,1.39950776865127,NA,45877,50516,7935.326,1478806.072,0,5461,559540,0,2148135.398,1486741.398,1.85499647360436,96393,1.42894713421146,2148135.398,1.89797596017385,0.0232141941450577,0.752879469601172
fgridln09-0641,3.47183170336397,0.631689494333358,0.997767003883639,1619,2.75204661920039,4.70709647510368,4.87046274125451,0.675264254951877,0.738966096843224,0.867889269779653,0.44617926477164,1.33381619087241,7,5,3,9,13,3,0,1,3,1619,3.47183170336397,2.75204661920039,0.867889269779653,7,3,47419,57351,9928.81200000001,1561302.018,0,5461,575203,0,0.240062168401442,2.10911297440424,0.15165205969055,0.933003479710651,NA,0.189756419611522,1.43868368133023,NA,47419,57351,9928.81200000001,1561302.018,0,5461,575203,0,2256664.83,1571230.83,1.90358472608325,104770,1.46622463510146,2256664.83,1.94334405987467,0.0230633391689843,0.754485356131956
fgridln09-0641,3.47183170336397,0.631689494333358,0.997767003883639,1619,2.75204661920039,4.70709647510368,4.87046274125451,0.675264254951877,0.738966096843224,0.867889269779653,0.44617926477164,1.33381619087241,7,5,3,9,13,3,0,1,4,1619,3.47183170336397,2.75204661920039,0.867889269779653,7,3,44425,50034,13538.638,1458316.153,0,5461,563801,0,0.224904823619942,1.84002647837599,0.206788318492157,0.871461145621378,NA,0.189756419611522,1.41016527768051,NA,44425,50034,13538.638,1458316.153,0,5461,563801,0,2135575.791,1471854.791,1.84643547133049,94459,1.42034086863653,2135575.791,1.89272572074959,0.023445152587571,0.750420862920392
fgridln09-0641,3.47183170336397,0.631689494333358,0.997767003883639,1619,2.75204661920039,4.70709647510368,4.87046274125451,0.675264254951877,0.738966096843224,0.867889269779653,0.44617926477164,1.33381619087241,7,5,3,9,13,3,0,1,5,1619,3.47183170336397,2.75204661920039,0.867889269779653,7,3,44600,45102,11956.584,1386292.321,0,5461,538087,0,0.225790773966223,1.65864960282436,0.182624123657803,0.828421115503327,NA,0.189756419611522,1.34585004952328,NA,44600,45102,11956.584,1386292.321,0,5461,538087,0,2031498.905,1398248.905,1.80410613749262,89702,1.39917230331079,2031498.905,1.84921890003206,0.0228619854047597,0.756628814082815
fgridln09-0641,3.47183170336397,0.631689494333358,0.997767003883639,1619,2.75204661920039,4.70709647510368,4.87046274125451,0.675264254951877,0.738966096843224,0.867889269779653,0.44617926477164,1.33381619087241,7,5,3,9,13,3,0,1,6,1619,3.47183170336397,2.75204661920039,0.867889269779653,7,3,40922,52693,13538.638,1448478.182,0,5461,552211,0,0.20717062897412,1.93781259193881,0.206788318492157,0.865582167005793,NA,0.189756419611522,1.38117665302692,NA,40922,52693,13538.638,1448478.182,0,5461,552211,0,2113303.82,1462016.82,1.84077784282581,93615,1.41658508365967,2113303.82,1.88341546285695,0.0232840092598658,0.752136271362481
fgridln09-0641,3.47183170336397,0.631689494333358,0.997767003883639,1619,2.75204661920039,4.70709647510368,4.87046274125451,0.675264254951877,0.738966096843224,0.867889269779653,0.44617926477164,1.33381619087241,7,5,3,9,13,3,0,1,7,1619,3.47183170336397,2.75204661920039,0.867889269779653,7,3,39920,53464,12221.076,1564689.551,0,5461,581264,0,0.202097930419991,1.96616651956458,0.186663958088314,0.935027803025549,NA,0.189756419611522,1.45384330635399,NA,39920,53464,12221.076,1564689.551,0,5461,581264,0,2257019.627,1576910.627,1.90685106844267,93384,1.41555713777145,2257019.627,1.94349237416484,0.0255177626341054,0.72835744384114
fgridln09-0641,3.47183170336397,0.631689494333358,0.997767003883639,1619,2.75204661920039,4.70709647510368,4.87046274125451,0.675264254951877,0.738966096843224,0.867889269779653,0.44617926477164,1.33381619087241,7,5,3,9,13,3,0,1,8,1619,3.47183170336397,2.75204661920039,0.867889269779653,7,3,53080,45660,13538.638,1438215.493,0,5461,545770,0,0.268721396460249,1.67917034421889,0.206788318492157,0.859449385239166,NA,0.189756419611522,1.36506658129321,NA,53080,45660,13538.638,1438215.493,0,5461,545770,0,2101725.131,1451754.131,1.83487596714218,98740,1.43939124243503,2101725.131,1.87857527243785,0.0219615365698985,0.766214302697127
fgridln09-0641,3.47183170336397,0.631689494333358,0.997767003883639,1619,2.75204661920039,4.70709647510368,4.87046274125451,0.675264254951877,0.738966096843224,0.867889269779653,0.44617926477164,1.33381619087241,7,5,3,9,13,3,0,2,1,1619,3.47183170336397,2.75204661920039,0.867889269779653,7,3,48592,49283,13053.736,1547255.625,0,5461,574171,0,0.246000567008222,1.81240806119447,0.199381955369553,0.924609630605678,NA,0.189756419611522,1.43610246816004,NA,48592,49283,13053.736,1547255.625,0,5461,574171,0,2237816.361,1560309.361,1.89730399865201,97875,1.43554200783197,2237816.361,1.93546491405181,0.0242640067590343,0.741703968596736
fgridln09-0641,3.47183170336397,0.631689494333358,0.997767003883639,1619,2.75204661920039,4.70709647510368,4.87046274125451,0.675264254951877,0.738966096843224,0.867889269779653,0.44617926477164,1.33381619087241,7,5,3,9,13,3,0,2,2,1619,3.47183170336397,2.75204661920039,0.867889269779653,7,3,37148,54403,14175.378,1591678.455,0,5461,585325,0,0.188064476934916,2.00069873492204,0.216513845824869,0.951155842991726,NA,0.189756419611522,1.46400058027273,NA,37148,54403,14175.378,1591678.455,0,5461,585325,0,2288190.833,1605853.833,1.92349575130284,91551,1.40740032039872,2288190.833,1.95652274164711,0.0263650780460738,0.719337572950411
fgridln09-0641,3.47183170336397,0.631689494333358,0.997767003883639,1619,2.75204661920039,4.70709647510368,4.87046274125451,0.675264254951877,0.738966096843224,0.867889269779653,0.44617926477164,1.33381619087241,7,5,3,9,13,3,0,2,3,1619,3.47183170336397,2.75204661920039,0.867889269779653,7,3,40840,49689,13053.736,1443485.598,0,5461,558431,0,0.20675549795472,1.82733892321271,0.199381955369553,0.862598696677153,NA,0.189756419611522,1.39673396496353,NA,40840,49689,13053.736,1443485.598,0,5461,558431,0,2110960.334,1456539.334,1.8376278456437,90529,1.40285243859025,2110960.334,1.88243582531037,0.0239325368114591,0.745232543775534
fgridln09-0641,3.47183170336397,0.631689494333358,0.997767003883639,1619,2.75204661920039,4.70709647510368,4.87046274125451,0.675264254951877,0.738966096843224,0.867889269779653,0.44617926477164,1.33381619087241,7,5,3,9,13,3,0,2,4,1619,3.47183170336397,2.75204661920039,0.867889269779653,7,3,39141,58097,14175.378,1479953.904,0,5461,558781,0,0.198154185735693,2.1365475139747,0.216513845824869,0.884391441453555,NA,0.189756419611522,1.39760937640691,NA,39141,58097,14175.378,1479953.904,0,5461,558781,0,2155609.282,1494129.282,1.85924510404937,97238,1.43270736917052,2155609.282,1.90110023630997,0.0231446193124319,0.75362010997979
fgridln09-0641,3.47183170336397,0.631689494333358,0.997767003883639,1619,2.75204661920039,4.70709647510368,4.87046274125451,0.675264254951877,0.738966096843224,0.867889269779653,0.44617926477164,1.33381619087241,7,5,3,9,13,3,0,2,5,1619,3.47183170336397,2.75204661920039,0.867889269779653,7,3,37941,54068,13053.736,1578301.477,0,5461,571187,0,0.192079097646916,1.98837893498088,0.199381955369553,0.943162023168191,NA,0.189756419611522,1.42863896031135,NA,37941,54068,13053.736,1578301.477,0,5461,571187,0,2260012.213,1591355.213,1.91515787291404,92009,1.40943841224635,2260012.213,1.94474335224064,0.025857333711341,0.724742630240882
fgridln09-0641,3.47183170336397,0.631689494333358,0.997767003883639,1619,2.75204661920039,4.70709647510368,4.87046274125451,0.675264254951877,0.738966096843224,0.867889269779653,0.44617926477164,1.33381619087241,7,5,3,9,13,3,0,2,6,1619,3.47183170336397,2.75204661920039,0.867889269779653,7,3,46005,59421,14175.378,1443113.494,0,5461,533148,0,0.232903689603499,2.18523830538394,0.216513845824869,0.862376334621119,NA,0.189756419611522,1.33349674346943,NA,46005,59421,14175.378,1443113.494,0,5461,533148,0,2101323.872,1457288.872,1.83805889057707,105426,1.46914382342471,2101323.872,1.87840753583421,0.020467189109045,0.782121981198425
fgridln09-0641,3.47183170336397,0.631689494333358,0.997767003883639,1619,2.75204661920039,4.70709647510368,4.87046274125451,0.675264254951877,0.738966096843224,0.867889269779653,0.44617926477164,1.33381619087241,7,5,3,9,13,3,0,2,7,1619,3.47183170336397,2.75204661920039,0.867889269779653,7,3,41695,48745,12622.712,1501735.669,0,5461,565946,0,0.211083998217974,1.79262283024419,0.192798521482794,0.89740779722902,NA,0.189756419611522,1.41553029924064,NA,41695,48745,12622.712,1501735.669,0,5461,565946,0,2176205.381,1514358.381,1.87087847104411,90440,1.40245639017444,2176205.381,1.90970993651443,0.0249518337980924,0.734381888766931
fgridln09-0641,3.47183170336397,0.631689494333358,0.997767003883639,1619,2.75204661920039,4.70709647510368,4.87046274125451,0.675264254951877,0.738966096843224,0.867889269779653,0.44617926477164,1.33381619087241,7,5,3,9,13,3,0,2,8,1619,3.47183170336397,2.75204661920039,0.867889269779653,7,3,50271,57848,13053.736,1542212.054,0,5461,567974,0,0.254500627759102,2.12739040894381,0.199381955369553,0.921595691445338,NA,0.189756419611522,1.42060268326113,NA,50271,57848,13053.736,1542212.054,0,5461,567974,0,2236819.79,1555265.79,1.89440353766722,108119,1.4811276254895,2236819.79,1.93504832168923,0.0220360096922445,0.7654215188779
fgridln09-0641,3.47183170336397,0.631689494333358,0.997767003883639,1619,2.75204661920039,4.70709647510368,4.87046274125451,0.675264254951877,0.738966096843224,0.867889269779653,0.44617926477164,1.33381619087241,7,5,3,9,13,3,0,4,1,1619,3.47183170336397,2.75204661920039,0.867889269779653,7,3,45638,50095,9243.092,1470906.54,0,5461,560643,0,0.231045725163015,1.84226978523095,0.141178414870706,0.878984914082878,NA,0.189756419611522,1.40226656528568,NA,45638,50095,9243.092,1470906.54,0,5461,560643,0,2141986.632,1480149.632,1.85120567535767,95733,1.42601014595942,2141986.632,1.89540561751394,0.0232638461361137,0.752350912534386
fgridln09-0641,3.47183170336397,0.631689494333358,0.997767003883639,1619,2.75204661920039,4.70709647510368,4.87046274125451,0.675264254951877,0.738966096843224,0.867889269779653,0.44617926477164,1.33381619087241,7,5,3,9,13,3,0,4,2,1619,3.47183170336397,2.75204661920039,0.867889269779653,7,3,39275,50932,12407.2,1530852.202,0,5461,557647,0,0.198832570572273,1.87305089732274,0.189506804539414,0.914807266577627,NA,0.189756419611522,1.39477304333037,NA,39275,50932,12407.2,1530852.202,0,5461,557647,0,2196574.402,1543259.402,1.88749889411957,90207,1.40141954432182,2196574.402,1.91822471226241,0.0253088347981316,0.730581529558624
fgridln09-0641,3.47183170336397,0.631689494333358,0.997767003883639,1619,2.75204661920039,4.70709647510368,4.87046274125451,0.675264254951877,0.738966096843224,0.867889269779653,0.44617926477164,1.33381619087241,7,5,3,9,13,3,0,4,3,1619,3.47183170336397,2.75204661920039,0.867889269779653,7,3,39951,52561,12407.2,1405233.017,0,5461,549472,0,0.202254870195618,1.93295822300677,0.189506804539414,0.839739704137945,NA,0.189756419611522,1.3743259331886,NA,39951,52561,12407.2,1405233.017,0,5461,549472,0,2065085.217,1417640.217,1.81525770924603,92512,1.41167675329299,2065085.217,1.86325884406677,0.0227671308430154,0.7576385630951
fgridln09-0641,3.47183170336397,0.631689494333358,0.997767003883639,1619,2.75204661920039,4.70709647510368,4.87046274125451,0.675264254951877,0.738966096843224,0.867889269779653,0.44617926477164,1.33381619087241,7,5,3,9,13,3,0,4,4,1619,3.47183170336397,2.75204661920039,0.867889269779653,7,3,45062,51069,12407.2,1490239.581,0,5461,565312,0,0.228129682880402,1.87808914386584,0.189506804539415,0.890537960398347,NA,0.189756419611522,1.41394455394035,NA,45062,51069,12407.2,1490239.581,0,5461,565312,0,2169550.781,1502646.781,1.86414335442346,96131,1.42778123887504,2169550.781,1.90692814220568,0.0236036487078329,0.748733634621165
fgridln09-0641,3.47183170336397,0.631689494333358,0.997767003883639,1619,2.75204661920039,4.70709647510368,4.87046274125451,0.675264254951877,0.738966096843224,0.867889269779653,0.44617926477164,1.33381619087241,7,5,3,9,13,3,0,4,5,1619,3.47183170336397,2.75204661920039,0.867889269779653,7,3,38629,53799,12407.2,1495726.737,0,5461,553989,0,0.195562148151148,1.97848631950574,0.189506804539415,0.893816977259077,NA,0.189756419611522,1.38562374315928,NA,38629,53799,12407.2,1495726.737,0,5461,553989,0,2160011.937,1508133.937,1.86729891263717,92428,1.41130295478818,2160011.937,1.90294065956942,0.0242697175255867,0.741643176150072
fgridln09-0641,3.47183170336397,0.631689494333358,0.997767003883639,1619,2.75204661920039,4.70709647510368,4.87046274125451,0.675264254951877,0.738966096843224,0.867889269779653,0.44617926477164,1.33381619087241,7,5,3,9,13,3,0,4,6,1619,3.47183170336397,2.75204661920039,0.867889269779653,7,3,44393,53256,12407.2,1446055.819,0,5461,549941,0,0.224742821270908,1.9585172109444,0.189506804539415,0.864134610362642,NA,0.189756419611522,1.37549898452273,NA,44393,53256,12407.2,1446055.819,0,5461,549941,0,2111514.019,1458463.019,1.83873412000557,97649,1.43453631185475,2111514.019,1.88266727991048,0.0223602248715865,0.761970172405061
fgridln09-0641,3.47183170336397,0.631689494333358,0.997767003883639,1619,2.75204661920039,4.70709647510368,4.87046274125451,0.675264254951877,0.738966096843224,0.867889269779653,0.44617926477164,1.33381619087241,7,5,3,9,13,3,0,4,7,1619,3.47183170336397,2.75204661920039,0.867889269779653,7,3,42453,45858,12407.2,1469109.506,0,5461,566282,0,0.214921428860718,1.68645189761695,0.189506804539414,0.877911041791785,NA,0.189756419611522,1.41637069422629,NA,42453,45858,12407.2,1469109.506,0,5461,566282,0,2141570.706,1481516.706,1.851991853405,88311,1.39298237807049,2141570.706,1.8952317497263,0.024894411473514,0.734993162852858
fgridln09-0641,3.47183170336397,0.631689494333358,0.997767003883639,1619,2.75204661920039,4.70709647510368,4.87046274125451,0.675264254951877,0.738966096843224,0.867889269779653,0.44617926477164,1.33381619087241,7,5,3,9,13,3,0,4,8,1619,3.47183170336397,2.75204661920039,0.867889269779653,7,3,43665,48598,12407.2,1417056.293,0,5461,554619,0,0.221057267830384,1.78721682847896,0.189506804539414,0.846805062103543,NA,0.189756419611522,1.38719948375737,NA,43665,48598,12407.2,1417056.293,0,5461,554619,0,2081806.493,1429463.493,1.82205704859318,92263,1.41056870772517,2081806.493,1.87024876839157,0.02308878466335,0.75421448288843
fgridln09-0641,3.47183170336397,0.631689494333358,0.997767003883639,1619,2.75204661920039,4.70709647510368,4.87046274125451,0.675264254951877,0.738966096843224,0.867889269779653,0.44617926477164,1.33381619087241,7,5,3,9,13,3,0,5,1,1619,3.47183170336397,2.75204661920039,0.867889269779653,7,3,53234,50856,10026.772,1488277.861,0,5461,559094,0,0.269501032764975,1.8702559576346,0.153148294664813,0.889365674981998,NA,0.189756419611522,1.39839224435485,NA,53234,50856,10026.772,1488277.861,0,5461,559094,0,2166949.633,1498304.633,1.86164626835802,104090,1.46319864720541,2166949.633,1.90584079530239,0.021817798708286,0.767744425878579
fgridln09-0641,3.47183170336397,0.631689494333358,0.997767003883639,1619,2.75204661920039,4.70709647510368,4.87046274125451,0.675264254951877,0.738966096843224,0.867889269779653,0.44617926477164,1.33381619087241,7,5,3,9,13,3,0,5,2,1619,3.47183170336397,2.75204661920039,0.867889269779653,7,3,45586,49836,10026.772,1459172.59,0,5461,555763,0,0.230782471345835,1.83274492497793,0.153148294664814,0.871972935583821,NA,0.189756419611522,1.39006082858944,NA,45586,49836,10026.772,1459172.59,0,5461,555763,0,2125845.362,1469199.362,1.84490838502351,95422,1.42462620149519,2125845.362,1.88865815064562,0.0230801863413524,0.754306014038697
fgridln09-0641,3.47183170336397,0.631689494333358,0.997767003883639,1619,2.75204661920039,4.70709647510368,4.87046274125451,0.675264254951877,0.738966096843224,0.867889269779653,0.44617926477164,1.33381619087241,7,5,3,9,13,3,0,5,3,1619,3.47183170336397,2.75204661920039,0.867889269779653,7,3,41869,52835,7112.462,1484047.244,0,5461,568637,0,0.211964885990847,1.94303471609297,0.108635304180477,0.886837541195699,NA,0.189756419611522,1.42226096265245,NA,41869,52835,7112.462,1484047.244,0,5461,568637,0,2159961.706,1491159.706,1.85753735782564,94704,1.42143111427554,2159961.706,1.90291966171682,0.0237689661914447,0.746973791312409
fgridln09-0641,3.47183170336397,0.631689494333358,0.997767003883639,1619,2.75204661920039,4.70709647510368,4.87046274125451,0.675264254951877,0.738966096843224,0.867889269779653,0.44617926477164,1.33381619087241,7,5,3,9,13,3,0,5,4,1619,3.47183170336397,2.75204661920039,0.867889269779653,7,3,44594,52505,10026.772,1475261.857,0,5461,552118,0,0.225760398525779,1.93089879376287,0.153148294664814,0.88158756614468,NA,0.189756419611522,1.38094404370054,NA,44594,52505,10026.772,1475261.857,0,5461,552118,0,2139966.629,1485288.629,1.85416101400552,97099,1.43208882164471,2139966.629,1.89456120419848,0.0229309447572647,0.755894725634148
fgridln09-0641,3.47183170336397,0.631689494333358,0.997767003883639,1619,2.75204661920039,4.70709647510368,4.87046274125451,0.675264254951877,0.738966096843224,0.867889269779653,0.44617926477164,1.33381619087241,7,5,3,9,13,3,0,5,5,1619,3.47183170336397,2.75204661920039,0.867889269779653,7,3,41386,50582,10026.772,1492382.386,0,5461,545494,0,0.209519663035114,1.8601794645484,0.153148294664813,0.891818458660882,NA,0.189756419611522,1.36437625684072,NA,41386,50582,10026.772,1492382.386,0,5461,545494,0,2145332.158,1502409.158,1.86400670199196,91968,1.40925596297615,2145332.158,1.89680413360605,0.0241457015677324,0.742963355049729
fgridln09-0641,3.47183170336397,0.631689494333358,0.997767003883639,1619,2.75204661920039,4.70709647510368,4.87046274125451,0.675264254951877,0.738966096843224,0.867889269779653,0.44617926477164,1.33381619087241,7,5,3,9,13,3,0,5,6,1619,3.47183170336397,2.75204661920039,0.867889269779653,7,3,40343,53596,10026.772,1395210.925,0,5461,538786,0,0.204239398971285,1.97102088849662,0.153148294664814,0.833750698422089,NA,0.189756419611522,1.34759837123448,NA,40343,53596,10026.772,1395210.925,0,5461,538786,0,2043423.697,1405237.697,1.80812525777998,93939,1.41802687789249,2043423.697,1.85420377042526,0.0220978478516566,0.764763237196559
fgridln09-0641,3.47183170336397,0.631689494333358,0.997767003883639,1619,2.75204661920039,4.70709647510368,4.87046274125451,0.675264254951877,0.738966096843224,0.867889269779653,0.44617926477164,1.33381619087241,7,5,3,9,13,3,0,5,7,1619,3.47183170336397,2.75204661920039,0.867889269779653,7,3,50028,47918,10026.772,1589501.399,0,5461,561368,0,0.253270422421125,1.76220947337452,0.153148294664814,0.949854877003014,NA,0.189756419611522,1.40407991756125,NA,50028,47918,10026.772,1589501.399,0,5461,561368,0,2264303.171,1599528.171,1.9198579843647,97946,1.43585795656817,2264303.171,1.94653708327533,0.0246450787371039,0.737647368193024
fgridln09-0641,3.47183170336397,0.631689494333358,0.997767003883639,1619,2.75204661920039,4.70709647510368,4.87046274125451,0.675264254951877,0.738966096843224,0.867889269779653,0.44617926477164,1.33381619087241,7,5,3,9,13,3,0,5,8,1619,3.47183170336397,2.75204661920039,0.867889269779653,7,3,49707,56052,5476.53,1583865.643,0,5461,571138,0,0.251645336357377,2.06134157105031,0.0836481801102778,0.946487059695293,NA,0.189756419611522,1.42851640270927,NA,49707,56052,5476.53,1583865.643,0,5461,571138,0,2271700.173,1589342.173,1.91400021220482,105759,1.47062566749733,2271700.173,1.94962922075398,0.0230797709501374,0.75431043597541
fgridln09-0641,3.47183170336397,0.631689494333358,0.997767003883639,1619,2.75204661920039,4.70709647510368,4.87046274125451,0.675264254951877,0.738966096843224,0.867889269779653,0.44617926477164,1.33381619087241,7,5,3,9,13,3,0,8,1,1619,3.47183170336397,2.75204661920039,0.867889269779653,7,3,41853,52241,13543.536,1612098.872,0,5461,578361,0,0.21188388481633,1.92119005589879,0.20686313024087,0.963358683888934,NA,0.189756419611522,1.44658239372505,NA,41853,52241,13543.536,1612098.872,0,5461,578361,0,2303558.408,1625642.408,1.93487578139107,94094,1.4187166251335,2303558.408,1.96294678406502,0.0260446702796178,0.722748388621881
fgridln09-0641,3.47183170336397,0.631689494333358,0.997767003883639,1619,2.75204661920039,4.70709647510368,4.87046274125451,0.675264254951877,0.738966096843224,0.867889269779653,0.44617926477164,1.33381619087241,7,5,3,9,13,3,0,8,2,1619,3.47183170336397,2.75204661920039,0.867889269779653,7,3,42388,47086,13543.536,1521491.859,0,5461,557939,0,0.214592361589243,1.73161223889379,0.20686313024087,0.909213709091886,NA,0.189756419611522,1.3955033865917,NA,42388,47086,13543.536,1521491.859,0,5461,557939,0,2187909.395,1535035.395,1.88276942536773,89474,1.39815770736917,2187909.395,1.91460251601352,0.0253390352515072,0.730260038663449
fgridln09-0641,3.47183170336397,0.631689494333358,0.997767003883639,1619,2.75204661920039,4.70709647510368,4.87046274125451,0.675264254951877,0.738966096843224,0.867889269779653,0.44617926477164,1.33381619087241,7,5,3,9,13,3,0,8,3,1619,3.47183170336397,2.75204661920039,0.867889269779653,7,3,56409,50856,13543.536,1566184.137,0,5461,571380,0,0.285574703333198,1.8702559576346,0.20686313024087,0.935920938320739,NA,0.189756419611522,1.42912168719298,NA,56409,50856,13543.536,1566184.137,0,5461,571380,0,2263833.673,1579727.673,1.90847109758777,107265,1.47732734069064,2263833.673,1.94634082101098,0.0226366011523024,0.759028082205703
fgridln09-0641,3.47183170336397,0.631689494333358,0.997767003883639,1619,2.75204661920039,4.70709647510368,4.87046274125451,0.675264254951877,0.738966096843224,0.867889269779653,0.44617926477164,1.33381619087241,7,5,3,9,13,3,0,8,4,1619,3.47183170336397,2.75204661920039,0.867889269779653,7,3,41204,55235,13543.536,1463346.01,0,5461,543100,0,0.208598274674983,2.03129596940277,0.20686313024087,0.874466889564155,NA,0.189756419611522,1.35838844256801,NA,41204,55235,13543.536,1463346.01,0,5461,543100,0,2121889.546,1476889.546,1.84933086240271,96439,1.42915183339267,2121889.546,1.88700451760453,0.0227927963160699,0.757365348126942
fgridln09-0641,3.47183170336397,0.631689494333358,0.997767003883639,1619,2.75204661920039,4.70709647510368,4.87046274125451,0.675264254951877,0.738966096843224,0.867889269779653,0.44617926477164,1.33381619087241,7,5,3,9,13,3,0,8,5,1619,3.47183170336397,2.75204661920039,0.867889269779653,7,3,37503,57564,12421.894,1474968.744,0,5461,565890,0,0.189861690494512,2.11694616063548,0.189731239785554,0.881412407561783,NA,0.189756419611522,1.4153902334097,NA,37503,57564,12421.894,1474968.744,0,5461,565890,0,2153808.638,1487390.638,1.85536983908088,95067,1.42304645781417,2153808.638,1.90034752071004,0.0235941403058068,0.748834853786356
fgridln09-0641,3.47183170336397,0.631689494333358,0.997767003883639,1619,2.75204661920039,4.70709647510368,4.87046274125451,0.675264254951877,0.738966096843224,0.867889269779653,0.44617926477164,1.33381619087241,7,5,3,9,13,3,0,8,6,1619,3.47183170336397,2.75204661920039,0.867889269779653,7,3,42842,55656,11990.87,1592922.028,0,5461,568463,0,0.216890769916164,2.04677846425419,0.183147805898795,0.95189897783873,NA,0.189756419611522,1.42182575810631,NA,42842,55656,11990.87,1592922.028,0,5461,568463,0,2277334.898,1604912.898,1.92295463762432,98498,1.43831434674261,2277334.898,1.95198468102752,0.0247202503467094,0.736847148813425
fgridln09-0641,3.47183170336397,0.631689494333358,0.997767003883639,1619,2.75204661920039,4.70709647510368,4.87046274125451,0.675264254951877,0.738966096843224,0.867889269779653,0.44617926477164,1.33381619087241,7,5,3,9,13,3,0,8,7,1619,3.47183170336397,2.75204661920039,0.867889269779653,7,3,43018,51282,13543.536,1487148.955,0,5461,555680,0,0.217781782835851,1.88592233009709,0.20686313024087,0.888691062886373,NA,0.189756419611522,1.38985323101858,NA,43018,51282,13543.536,1487148.955,0,5461,555680,0,2156133.491,1500692.491,1.86301947971287,94300,1.41963332146671,2156133.491,1.90131936918239,0.023798729854142,0.746656950156244
fgridln09-0641,3.47183170336397,0.631689494333358,0.997767003883639,1619,2.75204661920039,4.70709647510368,4.87046274125451,0.675264254951877,0.738966096843224,0.867889269779653,0.44617926477164,1.33381619087241,7,5,3,9,13,3,0,8,8,1619,3.47183170336397,2.75204661920039,0.867889269779653,7,3,42975,54621,13543.536,1499681.758,0,5461,557010,0,0.217564092179337,2.00871579876434,0.20686313024087,0.896180420278293,NA,0.189756419611522,1.39317979450342,NA,42975,54621,13543.536,1499681.758,0,5461,557010,0,2173292.294,1513225.294,1.87022685443439,97596,1.43430046279815,2173292.294,1.90849219106955,0.0233404041308762,0.751535934760281
fgridln09-0641,3.47183170336397,0.631689494333358,0.997767003883639,1619,2.75204661920039,4.70709647510368,4.87046274125451,0.675264254951877,0.738966096843224,0.867889269779653,0.44617926477164,1.33381619087241,7,5,3,9,13,3,0,3,1,1619,3.47183170336397,2.75204661920039,0.867889269779653,7,3,49463,46000,11456.988,1478280.136,0,5461,556687,0,0.250410068445992,1.69167402177111,0.174993325289059,0.883391230507673,NA,0.189756419611522,1.39237191479996,NA,49463,46000,11456.988,1478280.136,0,5461,556687,0,2147348.124,1489737.124,1.85671925819174,95463,1.4248086507654,2147348.124,1.89764685935147,0.0234067950270388,0.750829188130575
fgridln09-0641,3.47183170336397,0.631689494333358,0.997767003883639,1619,2.75204661920039,4.70709647510368,4.87046274125451,0.675264254951877,0.738966096843224,0.867889269779653,0.44617926477164,1.33381619087241,7,5,3,9,13,3,0,3,2,1619,3.47183170336397,2.75204661920039,0.867889269779653,7,3,48066,42580,11456.988,1600631.484,0,5461,578719,0,0.243337653395974,1.56590173580465,0.174993325289059,0.956505997615653,NA,0.189756419611522,1.44747781457285,NA,48066,42580,11456.988,1600631.484,0,5461,578719,0,2286914.472,1612088.472,1.92708117265882,90646,1.40337308650765,2286914.472,1.95598918985351,0.0265400581898941,0.717474868362006
fgridln09-0641,3.47183170336397,0.631689494333358,0.997767003883639,1619,2.75204661920039,4.70709647510368,4.87046274125451,0.675264254951877,0.738966096843224,0.867889269779653,0.44617926477164,1.33381619087241,7,5,3,9,13,3,0,3,3,1619,3.47183170336397,2.75204661920039,0.867889269779653,7,3,44807,51059,11456.988,1484234.008,0,5461,554166,0,0.226838726661537,1.87772138864372,0.174993325289059,0.886949147700958,NA,0.189756419611522,1.38606645123208,NA,44807,51059,11456.988,1484234.008,0,5461,554166,0,2151183.996,1495690.996,1.86014321582898,95866,1.42660199359203,2151183.996,1.89925035270925,0.0233776430711693,0.751139517524377
fgridln09-0641,3.47183170336397,0.631689494333358,0.997767003883639,1619,2.75204661920039,4.70709647510368,4.87046274125451,0.675264254951877,0.738966096843224,0.867889269779653,0.44617926477164,1.33381619087241,7,5,3,9,13,3,0,3,4,1619,3.47183170336397,2.75204661920039,0.867889269779653,7,3,46996,56397,11456.988,1518363.259,0,5461,558887,0,0.237920699850148,2.07402912621359,0.174993325289059,0.907344119061918,NA,0.189756419611522,1.39787450101548,NA,46996,56397,11456.988,1518363.259,0,5461,558887,0,2197561.247,1529820.247,1.87977029373978,103393,1.46009700961196,2197561.247,1.91863723890633,0.0224506727330098,0.761007333749164
fgridln09-0641,3.47183170336397,0.631689494333358,0.997767003883639,1619,2.75204661920039,4.70709647510368,4.87046274125451,0.675264254951877,0.738966096843224,0.867889269779653,0.44617926477164,1.33381619087241,7,5,3,9,13,3,0,3,5,1619,3.47183170336397,2.75204661920039,0.867889269779653,7,3,46739,46198,11456.988,1575465.3,0,5461,577082,0,0.236619618484468,1.69895557516917,0.174993325289059,0.941467179390647,NA,0.189756419611522,1.44338339019339,NA,46739,46198,11456.988,1575465.3,0,5461,577082,0,2262402.288,1586922.288,1.9126085827363,92937,1.41356799572802,2262402.288,1.94574246518995,0.0256929199224089,0.726492853508247
fgridln09-0641,3.47183170336397,0.631689494333358,0.997767003883639,1619,2.75204661920039,4.70709647510368,4.87046274125451,0.675264254951877,0.738966096843224,0.867889269779653,0.44617926477164,1.33381619087241,7,5,3,9,13,3,0,3,6,1619,3.47183170336397,2.75204661920039,0.867889269779653,7,3,39398,50709,8542.678,1446134.004,0,5461,544577,0,0.199455267101373,1.86484995586937,0.130480334804723,0.864181332185979,NA,0.189756419611522,1.36208267885906,NA,39398,50709,8542.678,1446134.004,0,5461,544577,0,2094821.682,1454676.682,1.83655667018999,90107,1.40097454610182,2094821.682,1.87568945283353,0.0237747915489401,0.746911779018335
fgridln09-0641,3.47183170336397,0.631689494333358,0.997767003883639,1619,2.75204661920039,4.70709647510368,4.87046274125451,0.675264254951877,0.738966096843224,0.867889269779653,0.44617926477164,1.33381619087241,7,5,3,9,13,3,0,3,7,1619,3.47183170336397,2.75204661920039,0.867889269779653,7,3,50870,54403,11456.988,1516067.156,0,5461,553292,0,0.257533109230084,2.00069873492204,0.174993325289059,0.905972012919688,NA,0.189756419611522,1.38388042379919,NA,50870,54403,11456.988,1516067.156,0,5461,553292,0,2191550.144,1527524.144,1.87844984892627,105273,1.4684629761481,2191550.144,1.9161244429284,0.0219467788371686,0.766371402216366
fgridln09-0641,3.47183170336397,0.631689494333358,0.997767003883639,1619,2.75204661920039,4.70709647510368,4.87046274125451,0.675264254951877,0.738966096843224,0.867889269779653,0.44617926477164,1.33381619087241,7,5,3,9,13,3,0,3,8,1619,3.47183170336397,2.75204661920039,0.867889269779653,7,3,48155,54895,11456.988,1472560.598,0,5461,561512,0,0.243788222429225,2.01879229185054,0.174993325289059,0.879973346719134,NA,0.189756419611522,1.40444008684082,NA,48155,54895,11456.988,1472560.598,0,5461,561512,0,2154040.586,1484017.586,1.85343006154515,103050,1.45857066571734,2154040.586,1.90044448095203,0.0218417717686653,0.76748922703949
fgridln09-0641,3.47183170336397,0.631689494333358,0.997767003883639,1619,2.75204661920039,4.70709647510368,4.87046274125451,0.675264254951877,0.738966096843224,0.867889269779653,0.44617926477164,1.33381619087241,7,5,3,9,13,3,1,5,1,1619,3.47183170336397,2.75204661920039,0.867889269779653,7,3,35059,52350,69446.65,1321703.836,9127.837,33904,490483,4923,0.173608394447938,2.21371786197564,0.736685973119477,0.807054723488235,0.501584624684031,0.81562740569669,1.20703376858601,1.33018103215347,35059,52350,69446.65,1321703.836,9127.837,33904,490483,4923,2016997.323,1400278.323,1.80008817676149,87409,1.38746669858283,2016997.323,1.83093972239079,0.0225101883245145,0.757789391761691
fgridln09-0641,3.47183170336397,0.631689494333358,0.997767003883639,1619,2.75204661920039,4.70709647510368,4.87046274125451,0.675264254951877,0.738966096843224,0.867889269779653,0.44617926477164,1.33381619087241,7,5,3,9,13,3,1,5,2,1619,3.47183170336397,2.75204661920039,0.867889269779653,7,3,37948,52330,69446.65,1341117.387,11510.616,33904,486731,6211,0.187914411492352,2.21287212449256,0.736685973119477,0.818908966176708,0.632520936366634,0.81562740569669,1.19780044001043,1.67819508241016,37948,52330,69446.65,1341117.387,11510.616,33904,486731,6211,2039198.653,1422074.653,1.81254211941228,90278,1.40018440451968,2039198.653,1.84008597497949,0.0222179182968258,0.760934230008077
fgridln09-0641,3.47183170336397,0.631689494333358,0.997767003883639,1619,2.75204661920039,4.70709647510368,4.87046274125451,0.675264254951877,0.738966096843224,0.867889269779653,0.44617926477164,1.33381619087241,7,5,3,9,13,3,1,5,3,1619,3.47183170336397,2.75204661920039,0.867889269779653,7,3,37557,49544,69446.65,1346645.552,13311.481,33904,488362,6211,0.185978221577376,2.09506089309878,0.736685973119477,0.822284557253884,0.731480437410705,0.81562740569669,1.20181418172332,1.67819508241016,37557,49544,69446.65,1346645.552,13311.481,33904,488362,6211,2044981.683,1429403.683,1.81672976564933,87101,1.38610139588902,2044981.683,1.84246840220832,0.0230197264525592,0.752306739278508
fgridln09-0641,3.47183170336397,0.631689494333358,0.997767003883639,1619,2.75204661920039,4.70709647510368,4.87046274125451,0.675264254951877,0.738966096843224,0.867889269779653,0.44617926477164,1.33381619087241,7,5,3,9,13,3,1,5,4,1619,3.47183170336397,2.75204661920039,0.867889269779653,7,3,25346,52736,69446.65,1386804.191,12978.793,33904,507092,6211,0.125510663900209,2.23004059539919,0.736685973119477,0.84680610165062,0.713198868007473,0.81562740569669,1.24790699734714,1.67819508241016,25346,52736,69446.65,1386804.191,12978.793,33904,507092,6211,2094518.634,1469229.634,1.83948543643277,78082,1.34612196408545,2094518.634,1.86287607446581,0.0257801798607932,0.722604140198351
fgridln09-0641,3.47183170336397,0.631689494333358,0.997767003883639,1619,2.75204661920039,4.70709647510368,4.87046274125451,0.675264254951877,0.738966096843224,0.867889269779653,0.44617926477164,1.33381619087241,7,5,3,9,13,3,1,5,5,1619,3.47183170336397,2.75204661920039,0.867889269779653,7,3,34050,53766,69446.65,1374374.225,12060.202,33904,480408,5947,0.16861193505098,2.27359607577808,0.736685973119477,0.839216154114825,0.662721288053632,0.81562740569669,1.18224011576113,1.6068630099973,34050,53766,69446.65,1374374.225,12060.202,33904,480408,5947,2063956.077,1455881.077,1.83185836511623,87816,1.38927084857109,2063956.077,1.85028525823639,0.0231559060873573,0.750841440468093
fgridln09-0641,3.47183170336397,0.631689494333358,0.997767003883639,1619,2.75204661920039,4.70709647510368,4.87046274125451,0.675264254951877,0.738966096843224,0.867889269779653,0.44617926477164,1.33381619087241,7,5,3,9,13,3,1,5,6,1619,3.47183170336397,2.75204661920039,0.867889269779653,7,3,28497,54456,69446.65,1299027.744,9036.778,33904,487571,4923,0.141114076744428,2.30277401894452,0.736685973119477,0.79320831806791,0.496580833058578,0.81562740569669,1.19986760312437,1.33018103215347,28497,54456,69446.65,1299027.744,9036.778,33904,487571,4923,1986862.172,1377511.172,1.78707952838463,82953,1.36771413753208,1986862.172,1.81852498404651,0.0230388635559291,0.752100823211511
fgridln09-0641,3.47183170336397,0.631689494333358,0.997767003883639,1619,2.75204661920039,4.70709647510368,4.87046274125451,0.675264254951877,0.738966096843224,0.867889269779653,0.44617926477164,1.33381619087241,7,5,3,9,13,3,1,5,7,1619,3.47183170336397,2.75204661920039,0.867889269779653,7,3,33918,52538,69446.65,1297467.319,11788.909,33904,473086,5715,0.167958285258712,2.22166779431664,0.736685973119477,0.792255496162883,0.647813441037477,0.81562740569669,1.16422134395133,1.54417724939206,33918,52538,69446.65,1297467.319,11788.909,33904,473086,5715,1977863.878,1378702.878,1.7877604429322,86456,1.38324223927373,1977863.878,1.81481796875547,0.0221008975202504,0.762193378668331
fgridln09-0641,3.47183170336397,0.631689494333358,0.997767003883639,1619,2.75204661920039,4.70709647510368,4.87046274125451,0.675264254951877,0.738966096843224,0.867889269779653,0.44617926477164,1.33381619087241,7,5,3,9,13,3,1,5,8,1619,3.47183170336397,2.75204661920039,0.867889269779653,7,3,29144,52122,69446.65,1270567.625,12262.128,33904,474449,6475,0.144317951105015,2.20407645466847,0.736685973119477,0.775830087904412,0.673817342565117,0.81562740569669,1.16757556219454,1.74952715482302,29144,52122,69446.65,1270567.625,12262.128,33904,474449,6475,1948370.403,1352276.403,1.77266093745983,81266,1.36023600232279,1948370.403,1.80266758082517,0.0228095352656288,0.754568405618158
fgridln09-0641,3.47183170336397,0.631689494333358,0.997767003883639,1619,2.75204661920039,4.70709647510368,4.87046274125451,0.675264254951877,0.738966096843224,0.867889269779653,0.44617926477164,1.33381619087241,7,5,3,9,13,3,1,1,1,1619,3.47183170336397,2.75204661920039,0.867889269779653,7,3,35093,53984,74329.956,1418835.622,18135.77,33904,497920,7235,0.173776758788371,2.28281461434371,0.788487795563759,0.866365035342507,0.99658039344983,0.81562740569669,1.22533554486974,1.95487706025399,35093,53984,74329.956,1418835.622,18135.77,33904,497920,7235,2139437.348,1511301.348,1.86352428670603,89077,1.394860610574,2139437.348,1.88138117772782,0.0240331323251451,0.741402447885975
fgridln09-0641,3.47183170336397,0.631689494333358,0.997767003883639,1619,2.75204661920039,4.70709647510368,4.87046274125451,0.675264254951877,0.738966096843224,0.867889269779653,0.44617926477164,1.33381619087241,7,5,3,9,13,3,1,1,2,1619,3.47183170336397,2.75204661920039,0.867889269779653,7,3,30652,54035,73943.014,1327217.877,14779.658,33904,471670,6211,0.151785404792441,2.28497124492558,0.78438313761682,0.810421690212055,0.812158369051544,0.81562740569669,1.16073669755927,1.67819508241016,30652,54035,73943.014,1327217.877,14779.658,33904,471670,6211,2012412.549,1415940.549,1.80903722755984,84687,1.37540061438621,2012412.549,1.8290509391032,0.0230505553648875,0.751975018837136
fgridln09-0641,3.47183170336397,0.631689494333358,0.997767003883639,1619,2.75204661920039,4.70709647510368,4.87046274125451,0.675264254951877,0.738966096843224,0.867889269779653,0.44617926477164,1.33381619087241,7,5,3,9,13,3,1,1,3,1619,3.47183170336397,2.75204661920039,0.867889269779653,7,3,30189,62529,74329.956,1369076.189,13861.067,33904,490781,5947,0.149492678627137,2.64415595399188,0.788487795563759,0.835981083698482,0.761680789097703,0.81562740569669,1.20776711930976,1.6068630099973,30189,62529,74329.956,1369076.189,13861.067,33904,490781,5947,2080617.212,1457267.212,1.8326503721099,92718,1.41100043884729,2080617.212,1.8571491240104,0.0223264054727393,0.759766903263172
fgridln09-0641,3.47183170336397,0.631689494333358,0.997767003883639,1619,2.75204661920039,4.70709647510368,4.87046274125451,0.675264254951877,0.738966096843224,0.867889269779653,0.44617926477164,1.33381619087241,7,5,3,9,13,3,1,1,4,1619,3.47183170336397,2.75204661920039,0.867889269779653,7,3,32577,61565,74329.956,1402220.751,13861.067,33904,486382,5947,0.161317797596351,2.60339140730717,0.788487795563759,0.856219714011459,0.761680789097703,0.81562740569669,1.19694158295476,1.6068630099973,32577,61565,74329.956,1402220.751,13861.067,33904,486382,5947,2110786.774,1490411.774,1.85158844445206,94142,1.4173127474057,2110786.774,1.86957803860888,0.0224820355203206,0.758092317162808
fgridln09-0641,3.47183170336397,0.631689494333358,0.997767003883639,1619,2.75204661920039,4.70709647510368,4.87046274125451,0.675264254951877,0.738966096843224,0.867889269779653,0.44617926477164,1.33381619087241,7,5,3,9,13,3,1,1,5,1619,3.47183170336397,2.75204661920039,0.867889269779653,7,3,32949,50153,74329.956,1417473.493,18135.77,33904,479804,7235,0.16315990155638,2.12081359945873,0.788487795563759,0.865533296329948,0.99658039344983,0.81562740569669,1.18075372704588,1.95487706025399,32949,50153,74329.956,1417473.493,18135.77,33904,479804,7235,2113984.219,1509939.219,1.86274599621176,83102,1.36837462487422,2113984.219,1.87089528580121,0.0249626340327132,0.731400968968828
fgridln09-0641,3.47183170336397,0.631689494333358,0.997767003883639,1619,2.75204661920039,4.70709647510368,4.87046274125451,0.675264254951877,0.738966096843224,0.867889269779653,0.44617926477164,1.33381619087241,7,5,3,9,13,3,1,1,6,1619,3.47183170336397,2.75204661920039,0.867889269779653,7,3,33357,47352,74329.956,1373289.365,13089.547,33904,491689,5715,0.165180273641572,2.00236806495264,0.788487795563759,0.838553720244637,0.719284921419936,0.81562740569669,1.21000162419959,1.54417724939206,33357,47352,74329.956,1373289.365,13089.547,33904,491689,5715,2072725.868,1460708.868,1.83461685850682,80709,1.35776693219144,2072725.868,1.85389813744841,0.0248711944988097,0.73238486234211
fgridln09-0641,3.47183170336397,0.631689494333358,0.997767003883639,1619,2.75204661920039,4.70709647510368,4.87046274125451,0.675264254951877,0.738966096843224,0.867889269779653,0.44617926477164,1.33381619087241,7,5,3,9,13,3,1,1,7,1619,3.47183170336397,2.75204661920039,0.867889269779653,7,3,29423,53898,74329.956,1419588.121,18135.77,33904,495086,7235,0.145699529075036,2.27917794316644,0.788487795563759,0.86682452396305,0.99658039344983,0.81562740569669,1.21836133026868,1.95487706025399,29423,53898,74329.956,1419588.121,18135.77,33904,495086,7235,2131599.847,1512053.847,1.86395424805232,83321,1.36934540828313,2131599.847,1.8781523727954,0.0251772441934581,0.729091754278184
fgridln09-0641,3.47183170336397,0.631689494333358,0.997767003883639,1619,2.75204661920039,4.70709647510368,4.87046274125451,0.675264254951877,0.738966096843224,0.867889269779653,0.44617926477164,1.33381619087241,7,5,3,9,13,3,1,1,8,1619,3.47183170336397,2.75204661920039,0.867889269779653,7,3,33327,53989,74329.956,1386122.665,14779.658,33904,488045,6211,0.165031716870602,2.28302604871448,0.788487795563759,0.846389950344632,0.812158369051544,0.81562740569669,1.20103407373866,1.67819508241016,33327,53989,74329.956,1386122.665,14779.658,33904,488045,6211,2090708.279,1475232.279,1.84291521550948,87316,1.38705444809412,2090708.279,1.86130632755053,0.0236797533844156,0.745204820702176
fgridln09-0641,3.47183170336397,0.631689494333358,0.997767003883639,1619,2.75204661920039,4.70709647510368,4.87046274125451,0.675264254951877,0.738966096843224,0.867889269779653,0.44617926477164,1.33381619087241,7,5,3,9,13,3,1,4,1,1619,3.47183170336397,2.75204661920039,0.867889269779653,7,3,32484,65396,69735.632,1383766.842,13974.059,33904,486857,5715,0.160857271606344,2.76539242219215,0.739751477155799,0.844951444963875,0.767889823057479,0.81562740569669,1.19811051447752,1.54417724939206,32484,65396,69735.632,1383766.842,13974.059,33904,486857,5715,2091832.533,1467476.533,1.83848375315329,97880,1.43388255737153,2091832.533,1.8617694849856,0.0213594014744696,0.770171908464071
fgridln09-0641,3.47183170336397,0.631689494333358,0.997767003883639,1619,2.75204661920039,4.70709647510368,4.87046274125451,0.675264254951877,0.738966096843224,0.867889269779653,0.44617926477164,1.33381619087241,7,5,3,9,13,3,1,4,2,1619,3.47183170336397,2.75204661920039,0.867889269779653,7,3,26216,64107,69735.632,1290298.681,18520.055,33904,469442,7235,0.12981881025834,2.71088464140731,0.739751477155799,0.787878204517588,1.01769727442576,0.81562740569669,1.15525379349041,1.95487706025399,26216,64107,69735.632,1290298.681,18520.055,33904,469442,7235,1979458.368,1378554.368,1.78767558759081,90323,1.40038388056261,1979458.368,1.8154748486942,0.0212490253808767,0.771359560045599
fgridln09-0641,3.47183170336397,0.631689494333358,0.997767003883639,1619,2.75204661920039,4.70709647510368,4.87046274125451,0.675264254951877,0.738966096843224,0.867889269779653,0.44617926477164,1.33381619087241,7,5,3,9,13,3,1,4,3,1619,3.47183170336397,2.75204661920039,0.867889269779653,7,3,23539,61377,69735.632,1302148.029,14669.099,33904,481752,5947,0.116562594395448,2.59544147496617,0.739751477155799,0.795113616879405,0.806083031102319,0.81562740569669,1.18554757674343,1.6068630099973,23539,61377,69735.632,1302148.029,14669.099,33904,481752,5947,1993071.76,1386552.76,1.79224569252438,84916,1.37641572580466,1993071.76,1.82108313981105,0.0226929783791772,0.755822562800444
fgridln09-0641,3.47183170336397,0.631689494333358,0.997767003883639,1619,2.75204661920039,4.70709647510368,4.87046274125451,0.675264254951877,0.738966096843224,0.867889269779653,0.44617926477164,1.33381619087241,7,5,3,9,13,3,1,4,4,1619,3.47183170336397,2.75204661920039,0.867889269779653,7,3,26805,62666,69735.632,1364779.62,14760.263,33904,484529,6211,0.132735474861718,2.64994925575101,0.739751477155799,0.833357525975644,0.811092592592593,0.81562740569669,1.19238151956176,1.67819508241016,26805,62666,69735.632,1364779.62,14760.263,33904,484529,6211,2063390.515,1449275.515,1.8280840925518,89471,1.39660713414986,2063390.515,1.85005226440644,0.0227785834529849,0.754901448472286
fgridln09-0641,3.47183170336397,0.631689494333358,0.997767003883639,1619,2.75204661920039,4.70709647510368,4.87046274125451,0.675264254951877,0.738966096843224,0.867889269779653,0.44617926477164,1.33381619087241,7,5,3,9,13,3,1,4,5,1619,3.47183170336397,2.75204661920039,0.867889269779653,7,3,25923,57262,69735.632,1303895.398,9988.044,33904,485164,5715,0.1283679057952,2.42143098782138,0.739751477155799,0.796180589953642,0.548853939993406,0.81562740569669,1.19394419643956,1.54417724939206,25923,57262,69735.632,1303895.398,9988.044,33904,485164,5715,1991587.074,1383619.074,1.79056944899166,83185,1.3687425473534,1991587.074,1.82047149568113,0.0230610993808673,0.751861564765277
fgridln09-0641,3.47183170336397,0.631689494333358,0.997767003883639,1619,2.75204661920039,4.70709647510368,4.87046274125451,0.675264254951877,0.738966096843224,0.867889269779653,0.44617926477164,1.33381619087241,7,5,3,9,13,3,1,4,6,1619,3.47183170336397,2.75204661920039,0.867889269779653,7,3,29161,52670,69735.632,1318170.494,14760.263,33904,479170,6211,0.144402133275231,2.22724966170501,0.739751477155799,0.80489720508424,0.811092592592593,0.81562740569669,1.17919351107655,1.67819508241016,29161,52670,69735.632,1318170.494,14760.263,33904,479170,6211,2003782.389,1402666.389,1.80145266504967,81831,1.36274053486176,2003782.389,1.82549558348978,0.0235589726034166,0.746504427174033
fgridln09-0641,3.47183170336397,0.631689494333358,0.997767003883639,1619,2.75204661920039,4.70709647510368,4.87046274125451,0.675264254951877,0.738966096843224,0.867889269779653,0.44617926477164,1.33381619087241,7,5,3,9,13,3,1,4,7,1619,3.47183170336397,2.75204661920039,0.867889269779653,7,3,31759,62661,69735.632,1310475.297,10025.886,33904,478012,4575,0.157267149641235,2.64973782138024,0.739751477155799,0.800198387604965,0.550933399274646,0.81562740569669,1.17634377906948,1.23615239124561,31759,62661,69735.632,1310475.297,10025.886,33904,478012,4575,2001147.815,1390236.815,1.79435068036831,94420,1.4185450660709,2001147.815,1.82441022151968,0.0206749867072246,0.777536241212951
fgridln09-0641,3.47183170336397,0.631689494333358,0.997767003883639,1619,2.75204661920039,4.70709647510368,4.87046274125451,0.675264254951877,0.738966096843224,0.867889269779653,0.44617926477164,1.33381619087241,7,5,3,9,13,3,1,4,8,1619,3.47183170336397,2.75204661920039,0.867889269779653,7,3,35040,44460,69735.632,1288192.489,14760.263,33904,475838,6211,0.173514308492991,1.88007442489851,0.739751477155799,0.78659212804881,0.811092592592593,0.81562740569669,1.17099376405794,1.67819508241016,35040,44460,69735.632,1288192.489,14760.263,33904,475838,6211,1968141.384,1372688.384,1.784323893598,79500,1.35240767583813,1968141.384,1.81081260574721,0.0235267392199884,0.746851259785701
fgridln09-0641,3.47183170336397,0.631689494333358,0.997767003883639,1619,2.75204661920039,4.70709647510368,4.87046274125451,0.675264254951877,0.738966096843224,0.867889269779653,0.44617926477164,1.33381619087241,7,5,3,9,13,3,1,7,1,1619,3.47183170336397,2.75204661920039,0.867889269779653,7,3,27966,51660,68099.7,1314235.533,14534.04,33904,474710,7235,0.138484621898258,2.1845399188092,0.722397606848487,0.802494451324062,0.798661391361688,0.81562740569669,1.16821785930494,1.95487706025399,27966,51660,68099.7,1314235.533,14534.04,33904,474710,7235,1992344.273,1396869.273,1.79814032071445,79626,1.35296620875833,1992344.273,1.82078343795278,0.0238783264959563,0.743068165360485
fgridln09-0641,3.47183170336397,0.631689494333358,0.997767003883639,1619,2.75204661920039,4.70709647510368,4.87046274125451,0.675264254951877,0.738966096843224,0.867889269779653,0.44617926477164,1.33381619087241,7,5,3,9,13,3,1,7,2,1619,3.47183170336397,2.75204661920039,0.867889269779653,7,3,39270,50752,68099.7,1377950.397,9988.044,33904,487536,5715,0.194460813199764,2.14614343707713,0.722397606848487,0.841399825241438,0.548853939993406,0.81562740569669,1.19978147132796,1.54417724939206,39270,50752,68099.7,1377950.397,9988.044,33904,487536,5715,2073215.141,1456038.141,1.83194810802472,90022,1.39904960747548,2073215.141,1.85409970259981,0.0228093071461574,0.754570860193621
fgridln09-0641,3.47183170336397,0.631689494333358,0.997767003883639,1619,2.75204661920039,4.70709647510368,4.87046274125451,0.675264254951877,0.738966096843224,0.867889269779653,0.44617926477164,1.33381619087241,7,5,3,9,13,3,1,7,3,1619,3.47183170336397,2.75204661920039,0.867889269779653,7,3,21065,55126,68099.7,1334198.646,9988.044,33904,480559,5715,0.104311612682787,2.33110622462788,0.722397606848486,0.814684265867491,0.548853939993406,0.81562740569669,1.18261171293995,1.54417724939206,21065,55126,68099.7,1334198.646,9988.044,33904,480559,5715,2008655.39,1412286.39,1.80694932163151,76191,1.33773953748155,2008655.39,1.82750310727376,0.0249065928767346,0.732003974251604
fgridln09-0641,3.47183170336397,0.631689494333358,0.997767003883639,1619,2.75204661920039,4.70709647510368,4.87046274125451,0.675264254951877,0.738966096843224,0.867889269779653,0.44617926477164,1.33381619087241,7,5,3,9,13,3,1,7,4,1619,3.47183170336397,2.75204661920039,0.867889269779653,7,3,29634,60824,68099.7,1395626.463,9988.044,33904,492225,5715,0.146744378364192,2.57205683355886,0.722397606848487,0.852193130193296,0.548853939993406,0.81562740569669,1.21132067113896,1.54417724939206,29634,60824,68099.7,1395626.463,9988.044,33904,492225,5715,2096016.207,1473714.207,1.84204782262142,90458,1.40098230869139,2096016.207,1.86349302763609,0.0230664095191339,0.751804427445907
fgridln09-0641,3.47183170336397,0.631689494333358,0.997767003883639,1619,2.75204661920039,4.70709647510368,4.87046274125451,0.675264254951877,0.738966096843224,0.867889269779653,0.44617926477164,1.33381619087241,7,5,3,9,13,3,1,7,5,1619,3.47183170336397,2.75204661920039,0.867889269779653,7,3,31306,60966,68099.7,1335059.27,9988.044,33904,485417,5715,0.155023942399588,2.57806156968877,0.722397606848487,0.815209777442345,0.548853939993406,0.81562740569669,1.19456680628221,1.54417724939206,31306,60966,68099.7,1335059.27,9988.044,33904,485417,5715,2030455.014,1413147.014,1.80744106322011,92272,1.40902340962184,2030455.014,1.83648386957236,0.0216319065799486,0.767239741642782
fgridln09-0641,3.47183170336397,0.631689494333358,0.997767003883639,1619,2.75204661920039,4.70709647510368,4.87046274125451,0.675264254951877,0.738966096843224,0.867889269779653,0.44617926477164,1.33381619087241,7,5,3,9,13,3,1,7,6,1619,3.47183170336397,2.75204661920039,0.867889269779653,7,3,21619,57201,68099.7,1335337.771,11510.616,33904,478057,6211,0.107054961053367,2.41885148849797,0.722397606848487,0.81537983486476,0.632520936366634,0.81562740569669,1.17645451995058,1.67819508241016,21619,57201,68099.7,1335337.771,11510.616,33904,478057,6211,2011940.087,1414948.087,1.80847015664327,78820,1.34939337118945,2011940.087,1.82885629955726,0.0243647196790515,0.737834553494512
fgridln09-0641,3.47183170336397,0.631689494333358,0.997767003883639,1619,2.75204661920039,4.70709647510368,4.87046274125451,0.675264254951877,0.738966096843224,0.867889269779653,0.44617926477164,1.33381619087241,7,5,3,9,13,3,1,7,7,1619,3.47183170336397,2.75204661920039,0.867889269779653,7,3,31919,55572,68099.7,1261046.719,6964.62,33904,467293,4691,0.158059452419742,2.34996617050068,0.722397606848487,0.770016461621505,0.382713484998352,0.81562740569669,1.14996530119059,1.26749527154823,31919,55572,68099.7,1261046.719,6964.62,33904,467293,4691,1929490.039,1336111.039,1.76342440469558,87491,1.38783018826106,1929490.039,1.79488946221197,0.021076860152661,0.773212065410834
fgridln09-0641,3.47183170336397,0.631689494333358,0.997767003883639,1619,2.75204661920039,4.70709647510368,4.87046274125451,0.675264254951877,0.738966096843224,0.867889269779653,0.44617926477164,1.33381619087241,7,5,3,9,13,3,1,7,8,1619,3.47183170336397,2.75204661920039,0.867889269779653,7,3,27658,60281,68099.7,1392784.087,12262.128,33904,487730,6475,0.136959439049633,2.5490950608931,0.722397606848487,0.850457527319001,0.673817342565117,0.81562740569669,1.20025888757094,1.74952715482302,27658,60281,68099.7,1392784.087,12262.128,33904,487730,6475,2089193.915,1473145.915,1.8417231130957,87939,1.38981608308842,2089193.915,1.86068245701416,0.0235185954805372,0.746938886777415
fgridln09-0641,3.47183170336397,0.631689494333358,0.997767003883639,1619,2.75204661920039,4.70709647510368,4.87046274125451,0.675264254951877,0.738966096843224,0.867889269779653,0.44617926477164,1.33381619087241,7,5,3,9,13,3,1,2,1,1619,3.47183170336397,2.75204661920039,0.867889269779653,7,3,29421,53294,67619.696,1265941.87,16334.905,33904,462296,7235,0.145689625290305,2.25363667117727,0.717305752686461,0.773005523640645,0.897620892405759,0.81562740569669,1.13766814157114,1.95487706025399,29421,53294,67619.696,1265941.87,16334.905,33904,462296,7235,1936046.471,1349896.471,1.77130109676,82715,1.36665913090504,1936046.471,1.79759050684095,0.0222793911500883,0.760272779425603
fgridln09-0641,3.47183170336397,0.631689494333358,0.997767003883639,1619,2.75204661920039,4.70709647510368,4.87046274125451,0.675264254951877,0.738966096843224,0.867889269779653,0.44617926477164,1.33381619087241,7,5,3,9,13,3,1,2,2,1619,3.47183170336397,2.75204661920039,0.867889269779653,7,3,33357,54522,67619.696,1319282.205,16334.905,33904,490369,7235,0.165180273641572,2.3055649526387,0.717305752686461,0.805576034629306,0.897620892405759,0.81562740569669,1.20675322502055,1.95487706025399,33357,54522,67619.696,1319282.205,16334.905,33904,490369,7235,2022623.806,1403236.806,1.80177858875357,87879,1.38955011503118,2022623.806,1.83325765715884,0.0224936157202678,0.757967713706262
fgridln09-0641,3.47183170336397,0.631689494333358,0.997767003883639,1619,2.75204661920039,4.70709647510368,4.87046274125451,0.675264254951877,0.738966096843224,0.867889269779653,0.44617926477164,1.33381619087241,7,5,3,9,13,3,1,2,3,1619,3.47183170336397,2.75204661920039,0.867889269779653,7,3,31356,58495,67619.696,1335448.585,9898.685,33904,490428,5335,0.155271537017871,2.47357070365359,0.717305752686461,0.815447499767965,0.543943565226948,0.81562740569669,1.20689841862022,1.44150229667657,31356,58495,67619.696,1335448.585,9898.685,33904,490428,5335,2032484.966,1412966.966,1.80733818776051,89851,1.39829159851235,2032484.966,1.83732014621592,0.0222072045093946,0.76104951082816
fgridln09-0641,3.47183170336397,0.631689494333358,0.997767003883639,1619,2.75204661920039,4.70709647510368,4.87046274125451,0.675264254951877,0.738966096843224,0.867889269779653,0.44617926477164,1.33381619087241,7,5,3,9,13,3,1,2,4,1619,3.47183170336397,2.75204661920039,0.867889269779653,7,3,39279,45297,67619.696,1304467.048,12978.793,33904,484428,6211,0.194505380231055,1.91546853856563,0.717305752686461,0.796529649115094,0.713198868007473,0.81562740569669,1.1921329678064,1.67819508241016,39279,45297,67619.696,1304467.048,12978.793,33904,484428,6211,1994184.537,1385065.537,1.79139592607512,84576,1.37490857348033,1994184.537,1.82154156908159,0.0227875526706947,0.754804939298502
fgridln09-0641,3.47183170336397,0.631689494333358,0.997767003883639,1619,2.75204661920039,4.70709647510368,4.87046274125451,0.675264254951877,0.738966096843224,0.867889269779653,0.44617926477164,1.33381619087241,7,5,3,9,13,3,1,2,5,1619,3.47183170336397,2.75204661920039,0.867889269779653,7,3,29779,49854,67619.696,1363747.369,12978.793,33904,485465,6211,0.147462402757214,2.1081698240866,0.717305752686461,0.83272721605092,0.713198868007473,0.81562740569669,1.19468492988872,1.67819508241016,29779,49854,67619.696,1363747.369,12978.793,33904,485465,6211,2049558.858,1444345.858,1.82526739517357,79633,1.35299723836501,2049558.858,1.84435405494591,0.024759316907738,0.733588670102002
fgridln09-0641,3.47183170336397,0.631689494333358,0.997767003883639,1619,2.75204661920039,4.70709647510368,4.87046274125451,0.675264254951877,0.738966096843224,0.867889269779653,0.44617926477164,1.33381619087241,7,5,3,9,13,3,1,2,6,1619,3.47183170336397,2.75204661920039,0.867889269779653,7,3,29882,58018,67619.696,1350574.453,16334.905,33904,485512,7235,0.147972447670877,2.453399864682,0.717305752686461,0.824683610675537,0.897620892405759,0.81562740569669,1.19480059258676,1.95487706025399,29882,58018,67619.696,1350574.453,16334.905,33904,485512,7235,2049080.054,1434529.054,1.81965828969434,87900,1.38964320385122,2049080.054,1.8441568026946,0.0229052483430047,0.753538528730707
fgridln09-0641,3.47183170336397,0.631689494333358,0.997767003883639,1619,2.75204661920039,4.70709647510368,4.87046274125451,0.675264254951877,0.738966096843224,0.867889269779653,0.44617926477164,1.33381619087241,7,5,3,9,13,3,1,2,7,1619,3.47183170336397,2.75204661920039,0.867889269779653,7,3,26105,60352,67619.696,1288578.619,8209.246,33904,479137,4659,0.129269150205751,2.55209742895805,0.717305752686461,0.786827905559544,0.45110704473019,0.81562740569669,1.17911230109707,1.25884895974061,26105,60352,67619.696,1288578.619,8209.246,33904,479137,4659,1968564.561,1364407.561,1.77959241381478,86457,1.38324667207468,1968564.561,1.81098694141682,0.0219508219954103,0.763808197861718
fgridln09-0641,3.47183170336397,0.631689494333358,0.997767003883639,1619,2.75204661920039,4.70709647510368,4.87046274125451,0.675264254951877,0.738966096843224,0.867889269779653,0.44617926477164,1.33381619087241,7,5,3,9,13,3,1,2,8,1619,3.47183170336397,2.75204661920039,0.867889269779653,7,3,24876,64518,67619.696,1289031.746,9955.369,33904,481248,5187,0.123183274488346,2.72826454668471,0.717305752686461,0.787104592571966,0.547058413012419,0.81562740569669,1.18430727887507,1.40151310456633,24876,64518,67619.696,1289031.746,9955.369,33904,481248,5187,1976339.811,1366606.811,1.78084901680137,89394,1.3962658084764,1976339.811,1.81419010088701,0.0214092173428225,0.769635887547687
fgridln09-0641,3.47183170336397,0.631689494333358,0.997767003883639,1619,2.75204661920039,4.70709647510368,4.87046274125451,0.675264254951877,0.738966096843224,0.867889269779653,0.44617926477164,1.33381619087241,7,5,3,9,13,3,1,8,1,1619,3.47183170336397,2.75204661920039,0.867889269779653,7,3,36945,52548,68819.706,1302602.387,16334.905,33904,475091,7235,0.182947663449587,2.22209066305819,0.730035388091525,0.795391055561255,0.897620892405759,0.81562740569669,1.16915546543162,1.95487706025399,36945,52548,68819.706,1302602.387,16334.905,33904,475091,7235,1993479.998,1387756.998,1.79293376758059,89493,1.39670465577084,1993479.998,1.82125132108056,0.0216641434297378,0.766892871732918
fgridln09-0641,3.47183170336397,0.631689494333358,0.997767003883639,1619,2.75204661920039,4.70709647510368,4.87046274125451,0.675264254951877,0.738966096843224,0.867889269779653,0.44617926477164,1.33381619087241,7,5,3,9,13,3,1,8,2,1619,3.47183170336397,2.75204661920039,0.867889269779653,7,3,31362,65279,68819.706,1378153.645,16334.905,33904,499232,7235,0.155301248372065,2.7604448579161,0.730035388091525,0.841523931908885,0.897620892405759,0.81562740569669,1.22856425678103,1.95487706025399,31362,65279,68819.706,1378153.645,16334.905,33904,499232,7235,2100320.256,1463308.256,1.83610209152904,96641,1.4283903169896,2100320.256,1.86526616101631,0.0217672311321337,0.765783643558581
fgridln09-0641,3.47183170336397,0.631689494333358,0.997767003883639,1619,2.75204661920039,4.70709647510368,4.87046274125451,0.675264254951877,0.738966096843224,0.867889269779653,0.44617926477164,1.33381619087241,7,5,3,9,13,3,1,8,3,1619,3.47183170336397,2.75204661920039,0.867889269779653,7,3,26519,62732,68819.706,1357455.133,16334.905,33904,491339,7235,0.131319233645137,2.6527401894452,0.730035388091525,0.828885070294219,0.897620892405759,0.81562740569669,1.20914030623545,1.95487706025399,26519,62732,68819.706,1357455.133,16334.905,33904,491339,7235,2064338.744,1442609.744,1.82427541789156,89251,1.39563191793999,2064338.744,1.85044290505481,0.0228423733782045,0.754215066094486
fgridln09-0641,3.47183170336397,0.631689494333358,0.997767003883639,1619,2.75204661920039,4.70709647510368,4.87046274125451,0.675264254951877,0.738966096843224,0.867889269779653,0.44617926477164,1.33381619087241,7,5,3,9,13,3,1,8,4,1619,3.47183170336397,2.75204661920039,0.867889269779653,7,3,30739,62463,68819.706,1324602.73,11788.909,33904,479226,5715,0.152216219428255,2.6413650202977,0.730035388091525,0.80882483720953,0.647813441037477,0.81562740569669,1.17933132195081,1.54417724939206,30739,62463,68819.706,1324602.73,11788.909,33904,479226,5715,2017258.345,1405211.345,1.80290679682657,93202,1.413145914509,2017258.345,1.83104725527928,0.0212109529208927,0.771769221375701
fgridln09-0641,3.47183170336397,0.631689494333358,0.997767003883639,1619,2.75204661920039,4.70709647510368,4.87046274125451,0.675264254951877,0.738966096843224,0.867889269779653,0.44617926477164,1.33381619087241,7,5,3,9,13,3,1,8,5,1619,3.47183170336397,2.75204661920039,0.867889269779653,7,3,31201,56039,68819.706,1332502.025,11275.945,33904,486175,5831,0.154503993701193,2.36971414073072,0.730035388091525,0.813648280380633,0.619625508297615,0.81562740569669,1.19643217490169,1.57552012969468,31201,56039,68819.706,1332502.025,11275.945,33904,486175,5831,2025747.676,1412597.676,1.80712718359231,87240,1.38671755522162,2025747.676,1.83454459375563,0.0226865264937705,0.755891985368843
fgridln09-0641,3.47183170336397,0.631689494333358,0.997767003883639,1619,2.75204661920039,4.70709647510368,4.87046274125451,0.675264254951877,0.738966096843224,0.867889269779653,0.44617926477164,1.33381619087241,7,5,3,9,13,3,1,8,6,1619,3.47183170336397,2.75204661920039,0.867889269779653,7,3,34403,62737,67928.27,1392276.013,13311.481,33904,491443,6211,0.17035995305606,2.65295162381597,0.720579087504906,0.850147288738758,0.731480437410705,0.81562740569669,1.20939624071622,1.67819508241016,34403,62737,67928.27,1392276.013,13311.481,33904,491443,6211,2102213.764,1473515.764,1.84193443666418,97140,1.43060228466561,2102213.764,1.86604622700545,0.0216868174210465,0.766648898597425
fgridln09-0641,3.47183170336397,0.631689494333358,0.997767003883639,1619,2.75204661920039,4.70709647510368,4.87046274125451,0.675264254951877,0.738966096843224,0.867889269779653,0.44617926477164,1.33381619087241,7,5,3,9,13,3,1,8,7,1619,3.47183170336397,2.75204661920039,0.867889269779653,7,3,33873,56988,68819.706,1324104.085,12060.202,33904,464367,5947,0.167735450102257,2.40984438430311,0.730035388091525,0.808520356136211,0.662721288053632,0.81562740569669,1.14276468301038,1.6068630099973,33873,56988,68819.706,1324104.085,12060.202,33904,464367,5947,2000062.993,1404983.993,1.80277689290377,90861,1.40276872747583,2000062.993,1.82396330883356,0.0214611329893488,0.769077272926568
fgridln09-0641,3.47183170336397,0.631689494333358,0.997767003883639,1619,2.75204661920039,4.70709647510368,4.87046274125451,0.675264254951877,0.738966096843224,0.867889269779653,0.44617926477164,1.33381619087241,7,5,3,9,13,3,1,8,8,1619,3.47183170336397,2.75204661920039,0.867889269779653,7,3,30426,46216,68432.764,1356444.883,11788.909,33904,493498,5715,0.150666277117801,1.9543301759134,0.725930730144587,0.82826819455232,0.647813441037477,0.81562740569669,1.21445340761996,1.54417724939206,30426,46216,68432.764,1356444.883,11788.909,33904,493498,5715,2046425.556,1436666.556,1.82087961123443,76642,1.33973873071177,2046425.556,1.84306323266055,0.0253801278306007,0.726908717492997
fgridln09-0641,3.47183170336397,0.631689494333358,0.997767003883639,1619,2.75204661920039,4.70709647510368,4.87046274125451,0.675264254951877,0.738966096843224,0.867889269779653,0.44617926477164,1.33381619087241,7,5,3,9,13,3,1,3,1,1619,3.47183170336397,2.75204661920039,0.867889269779653,7,3,41427,47286,66894.792,1288283.917,14667.727,33904,485214,5715,0.205142045032509,1.99957713125846,0.709616013747891,0.786647955532433,0.806007638202,0.81562740569669,1.19406724186301,1.54417724939206,41427,47286,66894.792,1288283.917,14667.727,33904,485214,5715,1983392.436,1369846.436,1.78270006713691,88713,1.39324707102677,1983392.436,1.81709556149065,0.021677981500389,0.766743973489111
fgridln09-0641,3.47183170336397,0.631689494333358,0.997767003883639,1619,2.75204661920039,4.70709647510368,4.87046274125451,0.675264254951877,0.738966096843224,0.867889269779653,0.44617926477164,1.33381619087241,7,5,3,9,13,3,1,3,2,1619,3.47183170336397,2.75204661920039,0.867889269779653,7,3,21767,56988,66894.792,1327145.081,14667.727,33904,492910,5715,0.107787841123485,2.40984438430311,0.709616013747892,0.810377239742857,0.806007638202,0.81562740569669,1.2130063934402,1.54417724939206,21767,56988,66894.792,1327145.081,14667.727,33904,492910,5715,2019991.6,1408707.6,1.80490447988892,78755,1.34910523912745,2019991.6,1.83217327073057,0.0245034774822129,0.736341513480052
fgridln09-0641,3.47183170336397,0.631689494333358,0.997767003883639,1619,2.75204661920039,4.70709647510368,4.87046274125451,0.675264254951877,0.738966096843224,0.867889269779653,0.44617926477164,1.33381619087241,7,5,3,9,13,3,1,3,3,1619,3.47183170336397,2.75204661920039,0.867889269779653,7,3,31604,56724,66894.792,1238702.755,20320.92,33904,463394,7235,0.156499606324557,2.39868064952639,0.709616013747892,0.756372859177083,1.11665677546983,0.81562740569669,1.14037021907007,1.95487706025399,31604,56724,66894.792,1238702.755,20320.92,33904,463394,7235,1918779.467,1325918.467,1.7576005936617,88328,1.3915404426595,1918779.467,1.79047704201545,0.0207071863901209,0.777189771220477
fgridln09-0641,3.47183170336397,0.631689494333358,0.997767003883639,1619,2.75204661920039,4.70709647510368,4.87046274125451,0.675264254951877,0.738966096843224,0.867889269779653,0.44617926477164,1.33381619087241,7,5,3,9,13,3,1,3,4,1619,3.47183170336397,2.75204661920039,0.867889269779653,7,3,26081,58089,66894.792,1409367.013,14667.727,33904,507159,5715,0.129150304788975,2.45640223274696,0.709616013747892,0.860583342492586,0.806007638202,0.81562740569669,1.24807187821456,1.54417724939206,26081,58089,66894.792,1409367.013,14667.727,33904,507159,5715,2121877.532,1490929.532,1.85188427996377,84170,1.37310885629303,2121877.532,1.87414708352953,0.0248458099435687,0.732658001263746
fgridln09-0641,3.47183170336397,0.631689494333358,0.997767003883639,1619,2.75204661920039,4.70709647510368,4.87046274125451,0.675264254951877,0.738966096843224,0.867889269779653,0.44617926477164,1.33381619087241,7,5,3,9,13,3,1,3,5,1619,3.47183170336397,2.75204661920039,0.867889269779653,7,3,29220,58079,66894.792,1305549.648,13181.317,33904,483155,6095,0.144694294924806,2.45597936400541,0.709616013747892,0.797190702991045,0.724327783272887,0.81562740569669,1.1890002313254,1.64685220210754,29220,58079,66894.792,1305549.648,13181.317,33904,483155,6095,1996078.757,1385625.757,1.79171602343792,87299,1.3869790904779,1996078.757,1.82232192839243,0.0222020088272914,0.761105416594219
fgridln09-0641,3.47183170336397,0.631689494333358,0.997767003883639,1619,2.75204661920039,4.70709647510368,4.87046274125451,0.675264254951877,0.738966096843224,0.867889269779653,0.44617926477164,1.33381619087241,7,5,3,9,13,3,1,3,6,1619,3.47183170336397,2.75204661920039,0.867889269779653,7,3,30504,54517,66894.792,1427742.178,20320.92,33904,500946,7235,0.151052524722323,2.30535351826793,0.709616013747892,0.871803529121541,1.11665677546983,0.81562740569669,1.23278225389685,1.95487706025399,30504,54517,66894.792,1427742.178,20320.92,33904,500946,7235,2142063.89,1514957.89,1.86561355422805,85021,1.37688116990483,2142063.89,1.88246323076549,0.0249603759235028,0.731425266322428
fgridln09-0641,3.47183170336397,0.631689494333358,0.997767003883639,1619,2.75204661920039,4.70709647510368,4.87046274125451,0.675264254951877,0.738966096843224,0.867889269779653,0.44617926477164,1.33381619087241,7,5,3,9,13,3,1,3,7,1619,3.47183170336397,2.75204661920039,0.867889269779653,7,3,36593,55349,66894.792,1295146.749,20320.92,33904,475279,7235,0.181204597336872,2.34053619756428,0.709616013747892,0.790838516860354,1.11665677546983,0.81562740569669,1.16961811622379,1.95487706025399,36593,55349,66894.792,1295146.749,20320.92,33904,475279,7235,1990722.461,1382362.461,1.7898514480146,91942,1.40756058530704,1990722.461,1.8201153022058,0.0210653473250742,0.773335943937843
fgridln09-0641,3.47183170336397,0.631689494333358,0.997767003883639,1619,2.75204661920039,4.70709647510368,4.87046274125451,0.675264254951877,0.738966096843224,0.867889269779653,0.44617926477164,1.33381619087241,7,5,3,9,13,3,1,3,8,1619,3.47183170336397,2.75204661920039,0.867889269779653,7,3,22969,49255,66894.792,1372980.287,12777.503,33904,484583,5335,0.113740015747018,2.0828399864682,0.709616013747892,0.838364991988706,0.702137762391472,0.81562740569669,1.19251440861909,1.44150229667657,22969,49255,66894.792,1372980.287,12777.503,33904,484583,5335,2048698.582,1452652.582,1.83001367421743,72224,1.32015461609727,2048698.582,1.84399964817875,0.0264014612083871,0.715919125798718
fgridln09-0641,3.47183170336397,0.631689494333358,0.997767003883639,1619,2.75204661920039,4.70709647510368,4.87046274125451,0.675264254951877,0.738966096843224,0.867889269779653,0.44617926477164,1.33381619087241,7,5,3,9,13,3,1,6,1,1619,3.47183170336397,2.75204661920039,0.867889269779653,7,3,31730,48910,71058.092,1313526.524,19428.511,33904,487127,5947,0.157123544762631,2.06825101488498,0.753780054949135,0.802061518433303,1.06761792504671,0.81562740569669,1.19877495976415,1.6068630099973,31730,48910,71058.092,1313526.524,19428.511,33904,487127,5947,2011631.127,1404013.127,1.8022221614657,80640,1.35746106892562,2011631.127,1.82872901771424,0.0239499447608764,0.742297549706044
fgridln09-0641,3.47183170336397,0.631689494333358,0.997767003883639,1619,2.75204661920039,4.70709647510368,4.87046274125451,0.675264254951877,0.738966096843224,0.867889269779653,0.44617926477164,1.33381619087241,7,5,3,9,13,3,1,6,2,1619,3.47183170336397,2.75204661920039,0.867889269779653,7,3,34406,58886,71058.092,1321924.793,13974.059,33904,487713,5715,0.170374808733157,2.4901048714479,0.753780054949135,0.807189643570691,0.767889823057479,0.81562740569669,1.20021705212696,1.54417724939206,34406,58886,71058.092,1321924.793,13974.059,33904,487713,5715,2027580.944,1406956.944,1.80390419362856,93292,1.41354486659486,2027580.944,1.83529984275155,0.0213569463231136,0.770198325999752
fgridln09-0641,3.47183170336397,0.631689494333358,0.997767003883639,1619,2.75204661920039,4.70709647510368,4.87046274125451,0.675264254951877,0.738966096843224,0.867889269779653,0.44617926477164,1.33381619087241,7,5,3,9,13,3,1,6,3,1619,3.47183170336397,2.75204661920039,0.867889269779653,7,3,24420,59596,71058.092,1417905.901,12815.958,33904,488454,4195,0.120925211569601,2.52012855209743,0.753780054949135,0.865797331970436,0.704250906693043,0.81562740569669,1.20204058530247,1.13347743853013,24420,59596,71058.092,1417905.901,12815.958,33904,488454,4195,2112348.951,1501779.951,1.85808397027692,84016,1.37242620494612,2112348.951,1.87022160660369,0.024736814856658,0.733830793153135
fgridln09-0641,3.47183170336397,0.631689494333358,0.997767003883639,1619,2.75204661920039,4.70709647510368,4.87046274125451,0.675264254951877,0.738966096843224,0.867889269779653,0.44617926477164,1.33381619087241,7,5,3,9,13,3,1,6,4,1619,3.47183170336397,2.75204661920039,0.867889269779653,7,3,31948,60616,71058.092,1267737.392,16964.808,33904,467260,6211,0.158203057298347,2.56326116373478,0.753780054949135,0.774101899751356,0.932234751071546,0.81562740569669,1.14988409121111,1.67819508241016,31948,60616,71058.092,1267737.392,16964.808,33904,467260,6211,1955699.292,1355760.292,1.77465155486228,92564,1.41031778750039,1955699.292,1.8056868535439,0.0203491474546757,0.781042285783082
fgridln09-0641,3.47183170336397,0.631689494333358,0.997767003883639,1619,2.75204661920039,4.70709647510368,4.87046274125451,0.675264254951877,0.738966096843224,0.867889269779653,0.44617926477164,1.33381619087241,7,5,3,9,13,3,1,6,5,1619,3.47183170336397,2.75204661920039,0.867889269779653,7,3,32090,53091,71058.092,1339476.709,18469.151,33904,472249,5715,0.158906226014271,2.24505243572395,0.753780054949135,0.817907140432122,1.01490004396087,0.81562740569669,1.1621615635628,1.54417724939206,32090,53091,71058.092,1339476.709,18469.151,33904,472249,5715,2026052.952,1429003.952,1.81650136816453,85181,1.37759041805746,2026052.952,1.83467035790603,0.0231536831276613,0.750865359611384
fgridln09-0641,3.47183170336397,0.631689494333358,0.997767003883639,1619,2.75204661920039,4.70709647510368,4.87046274125451,0.675264254951877,0.738966096843224,0.867889269779653,0.44617926477164,1.33381619087241,7,5,3,9,13,3,1,6,6,1619,3.47183170336397,2.75204661920039,0.867889269779653,7,3,29820,53365,71058.092,1303990.19,20320.92,33904,474647,7235,0.147665430344206,2.25663903924222,0.753780054949135,0.796238471552579,1.11665677546983,0.81562740569669,1.1680628220714,1.95487706025399,29820,53365,71058.092,1303990.19,20320.92,33904,474647,7235,1994340.202,1395369.202,1.79728321320112,83185,1.3687425473534,1994340.202,1.82160569818598,0.0231046064750852,0.751393426533766
fgridln09-0641,3.47183170336397,0.631689494333358,0.997767003883639,1619,2.75204661920039,4.70709647510368,4.87046274125451,0.675264254951877,0.738966096843224,0.867889269779653,0.44617926477164,1.33381619087241,7,5,3,9,13,3,1,6,7,1619,3.47183170336397,2.75204661920039,0.867889269779653,7,3,35717,56024,71058.092,1336615.786,20320.92,33904,481383,7235,0.176866739624548,2.3690798376184,0.753780054949135,0.816160212445838,1.11665677546983,0.81562740569669,1.18463950151838,1.95487706025399,35717,56024,71058.092,1336615.786,20320.92,33904,481383,7235,2042257.798,1427994.798,1.81592475980699,91741,1.4066695923153,2042257.798,1.84134624690354,0.0219389997458165,0.76393540578302
fgridln09-0641,3.47183170336397,0.631689494333358,0.997767003883639,1619,2.75204661920039,4.70709647510368,4.87046274125451,0.675264254951877,0.738966096843224,0.867889269779653,0.44617926477164,1.33381619087241,7,5,3,9,13,3,1,6,8,1619,3.47183170336397,2.75204661920039,0.867889269779653,7,3,36070,53512,71058.092,1388465.873,13295.638,33904,492961,4311,0.178614757629628,2.2628552097429,0.753780054949135,0.847820752792961,0.73060984723596,0.81562740569669,1.21313189977212,1.16482031883275,36070,53512,71058.092,1388465.873,13295.638,33904,492961,4311,2093577.603,1472819.603,1.84153666560962,89582,1.39709917505574,2093577.603,1.86248839916799,0.0232224862790987,0.75012503470081
